geometry,addr:city,addr:housenumber,addr:postcode,addr:street,amenity,name_left,name:ca_left,short_name,operator:type,wikidata_left,operator,wikimedia_commons,source_left,source:date,website,alt_name_left,official_name,opening_hours,phone,name:es_left,email,contact:email,contact:phone,contact:website,craft,ref_left,after_school,wheelchair,denomination,grades,religion,internet_access,isced:level,name:etymology:wikidata,operator:wikidata,wikipedia_left,building,building:levels,nohousenumber,alt_name:ca_left,alt_name:es,short_name:es,barrier,old_name_left,old_name:ca,old_name:es,contact:fax,name:de,polling_station,max_age,min_age,designation,description,check_date,fax,name:en,short_name:ca,note,start_date,addr:country,contact:facebook,pedagogy,school,addr:city:ca,addr:city:es,addr:street:ca,addr:street:es,ele,image,addr:housename,type_left,roof:levels,element_right,id_right,admin_level,boundary,source_right,Barrio,name:ca_right,name:es_right,type_right,wikidata_right,wikipedia_right,ref_right,alt_name_right,old_name_right,alt_name:ca_right
POINT (-0.3551799333876735 39.482167954825286),València,3,46020,"Carrer d'Emili Panach i Ramos ""Milo""",school,Institut d'Educació Secundària Francesc Ferrer i Guàrdia,Institut d'Educació Secundària Francesc Ferrer i Guàrdia,IES Francesc Ferrer i Guàrdia,public,Q107098481,,,,,http://iesferreriguardia.edu.gva.es/,,,,+34 961 20 62 45,,,,,,,46019571,,,,,,,,Q354202,,,,,,,,,,,,,,,,,,,,,,,,,,,,,,,,,,,,,,,relation,14232003.0,10,administrative,,Benimaclet,Benimaclet,,boundary,Q5725768,ca:Benimaclet (barri de València),,,,
POINT (-0.3547504371001882 39.483898050203585),València,,46020,,school,Col·legi d'Educació Infantil i Primària Pare Català,Col·legi d'Educació Infantil i Primària Pare Català,CEIP Pare Català,public,Q108135954,,,,,,,,,+34 961 20 54 00,Colegio de Educación Infantil y Primaria Pare Català,,,,,,,,,,,,,,,,,,,,,,,,,,,,,,,,,,,,,,,,,,,,,,,,,,,,,relation,14232003.0,10,administrative,,Benimaclet,Benimaclet,,boundary,Q5725768,ca:Benimaclet (barri de València),,,,
POINT (-0.3616531129295094 39.48423593171023),València,12,46020,Carrer de Soledad Doménech,school,Colegio Claret,,,,,,,Catastro Spain,,,,,,,,,,,,,,,,,,,,,,,,,,,,,,,,,,,,,,,,,2024-11-26,,,,,,,,,,,,,,,,,,,relation,14232003.0,10,administrative,,Benimaclet,Benimaclet,,boundary,Q5725768,ca:Benimaclet (barri de València),,,,
POINT (-0.3572139561369396 39.49056118888075),,3,,Calle Poeta Ricardo Sanmartí,school,Colegio Sagrada Familia - Patronato Juventud Obrera,,,,,,,,,,,,,,,,,,,,,,,,,,,,,,,,,,,,,,,,,,,,,,,,,,,,,,,,,,,,,,,,,,,relation,14232080.0,10,administrative,,Camí de Vera,Camí de Vera,,boundary,Q5399751,ca:Camí de Vera (barri de València),,,,
POINT (-0.3556865870744681 39.486672635629),,,,,school,Col·legi d'Educació Infantil i Primària de Benimaclet,Col·legi d'Educació Infantil i Primària de Benimaclet,,,Q108135673,,,,,,,,,,Colegio de Educación Infantil y Primária de Benimaclet,,,,,,,,,,,,,,,,,,,,,,,,,,,,,,,,,,,,,,,,,,,,,,,,,,,,,relation,14232080.0,10,administrative,,Camí de Vera,Camí de Vera,,boundary,Q5399751,ca:Camí de Vera (barri de València),,,,
POINT (-0.3815941677965223 39.479497223632144),,,,,school,Institut d'Educació Secundària Barri del Carme,Institut d'Educació Secundària Barri del Carme,IES Barri del Carme,public,Q107098482,Generalitat Valenciana,,,,http://www.ceice.gva.es/va/,,,,+34 961206095,Instituto de Educación Secundaria Barri del Carme,,,,,,46020391,,,,,,,,,Q2477285,,,,,,,,,,,,,,,,,,,,,,,,,,,,,,,,,,,,,,relation,14304839.0,10,administrative,,el Carme,el Carme,El Carmen,boundary,Q5398029,ca:El Carme (barri de València),1.3. el Carme,,,
POINT (-0.3816483083674074 39.478932248332065),,,,,school,Col·legi d'Educació Infantil i Primària Santa Teresa,Col·legi d'Educació Infantil i Primària Santa Teresa,CEIP Santa Teresa,public,Q108422443,Generalitat Valenciana,,,,http://ampasantateresa.es,,,,+34 962566740,Colegio de Educación Infantil y Primaria Santa Teresa,,,,,,,,,,,,,,,Q2477285,,,,,,,,,,,,,,,,,,,,,,,,,,,,,,,,,,,,,,relation,14304839.0,10,administrative,,el Carme,el Carme,El Carmen,boundary,Q5398029,ca:El Carme (barri de València),1.3. el Carme,,,
POINT (-0.3781635424568362 39.480046903052546),,,,,school,Col·legi Gran Asociación,,,private,,Gran Asociación,,,,,,,,,,,,,,,,,,,,,,,,,,,,,,,,,,,,,,,,,,,,,,,,,,,,,,,,,,,,,,relation,14304839.0,10,administrative,,el Carme,el Carme,El Carmen,boundary,Q5398029,ca:El Carme (barri de València),1.3. el Carme,,,
POINT (-0.3715287 39.4756624),València,23,46003,Carrer del Governador Vell,school,Escolania Nuestra Señora de los Desamparados,,,,,,,,,,,,,+34 963 91 84 34,,,,,,,,,,,,,,,,,,,,,,,,,,,,,,,,,,,,,,,,,,,,,,,,,,,,,,relation,14305095.0,10,administrative,,la Xerea,la Xerea,,boundary,Q9019062,ca:La Xerea,1.2. la Xerea,,,
POINT (-0.3750259622277382 39.478623785120085),,5,,Carrer del Mur de Santa Anna,school,Colegio Sagrado Corazón,,,,,,,,,https://colegiosagradocorazon.es/,,,,+34 963 91 05 12,,,,,,,,,,,,,,,,,,school,4,,,,,,,,,,,,,,,,,,,,,,,,,,,,,,,,,multipolygon,1,relation,14305096.0,10,administrative,,la Seu,la Seu,La Sede,boundary,Q9018963,ca:La Seu (barri de València),1.3. la Seu,,,
POINT (-0.3819784253981954 39.47411064888015),,,,,school,Colegio de las Escuelas Pías,,,,,,,,,,,,,,,,,,,,,,,,,,,,Q273894,,,,,,,,,,,,,,,,,,,,,,,,,,,,,,,,,,,,,,,relation,14305600.0,10,administrative,,el Pilar,el Pilar,,boundary,Q8773296,ca:Velluters,1.4. el Pilar,Velluters,,
POINT (-0.3779105598471167 39.46818984432222),,4,,Carrer de Sant Pau,school,Institut d'Educació Secundària Lluís Vives,,IES Lluís Vives,,Q17279803,,,,,http://ieslluisvives.es/,IES Luis Vives,,,,,,,,,,,,,,,,,,,,es:Instituto Lluís Vives,,,,,,,,,,,,,,,,,,,,,,,,,,,,,,,,,,,,,relation,14305601.0,10,administrative,,Sant Francesc,Sant Francesc,,boundary,,ca:Sant Francesc (barri de València),1.6. Sant Francesc,,,
POINT (-0.3783177 39.4756748),,,,,school,Don Quijote,,,,,,,,,,,,,,,,,,,,,,,,,,,,,,,,,,,,,,,,,,,,,,,,,,,,,,,,,,,,,,,,,,,relation,14305624.0,10,administrative,,el Mercat,el Mercat,,boundary,,ca:El Mercat,1.5. el Mercat,,,
POINT (-0.4133611443586534 39.46768432411677),València,2,46014,Carrer de Quart de les Valls,school,Col·legi d'Educació Infantil i Primària Rafael Altamira,Col·legi d'Educació Infantil i Primària Rafael Altamira,CEIP Rafael Altamira,public,Q108135986,,,,,,,,,,,,,+34 962 56 41 20,http://mestreacasa.gva.es/web/4601640300;http://mestreacasa.gva.es/web/rafaelaltamira,,,,,,,,,,Q425592,,,,,,,,,,,,,,,,,,,,,,,,,,,,,,,,,,,,,,,relation,14702503.0,10,administrative,Padró Municipal d'Habitants;Ajuntament de València,la Llum,la Llum,la Luz,boundary,Q9018676,es:La Llum,,,,
POINT (-0.4093087871232041 39.46504748799546),,9,46014,Plaza Murcia,school,Colegio Claret Fuensanta,,,religious,,Padres Claretianos,,,,https://www.claretfuensanta.es/,,,,+34 963 79 19 14,,,,,,,,,,,,christian,,,,,,,,,,,,,,,,,,,,,,,,,,,,,,https://www.facebook.com/colegioclaretfuensanta,,,,,,,,,,,,relation,14705513.0,10,administrative,Padró Municipal d'Habitants;Ajuntament de València,la Fontsanta,la Fontsanta,la Fuensanta,boundary,Q11687662,es:La Fuensanta (Valencia),,,,
POINT (-0.4113274904878054 39.464617621092906),,,,,school,Complex Educatiu Misericòrdia,Complex Educatiu Misericòrdia,,,,,,Catastro Spain,,,,,,,Complejo Educativo Misericordia,,,,,,46018035,,,,,,,,Q105724667,,,,,,,,,,,,,,,,,,,,,,,,,,,,,,,,,,,,,,,relation,14705513.0,10,administrative,Padró Municipal d'Habitants;Ajuntament de València,la Fontsanta,la Fontsanta,la Fuensanta,boundary,Q11687662,es:La Fuensanta (Valencia),,,,
POINT (-0.4068450229934374 39.466188719443416),,,,,school,Colegio Santa María,,,,,,,Catastro Spain,,,,,,,,,,,,,,,,,,,,,,,,,,,,,,,,,,,,,,,,,,,,,,,,,,,,,,,,,,,,relation,14705513.0,10,administrative,Padró Municipal d'Habitants;Ajuntament de València,la Fontsanta,la Fontsanta,la Fuensanta,boundary,Q11687662,es:La Fuensanta (Valencia),,,,
POINT (-0.399988739947149 39.46676519495252),,,,,school,Instituto de Bachillerato,,,,,,,,,,,,,,,,,,,,,,,,,,,,,,,yes,,,,,,,,,,,,,,,,,,,,,,,,,,,,,,,,,,,,relation,14705514.0,10,administrative,Padró Municipal d'Habitants;Ajuntament de València,Tres Forques,Tres Forques,Tres Forques,boundary,Q9089728,es:Tres Forques,,,,
POINT (-0.3993719473917102 39.465469825511114),València,8,46008,Carrer de Guillem Despuig,school,Institut d'Educació Secundària Cid Campeador,Institut d'Educació Secundària Cid Campeador,IES Cid Campeador,public,Q107144047,Generalitat Valenciana,,,,https://mestreacasa.gva.es/web/iescid/inici,,,,+34 961 20 61 85,Instituto de Educación Secundaria Cid Campeador,,,,,,,,,,,,,,,Q2477285,,,,,,,,,,,,,,,,,,,,,,,,,,,,,,,,,,,,,,relation,14705514.0,10,administrative,Padró Municipal d'Habitants;Ajuntament de València,Tres Forques,Tres Forques,Tres Forques,boundary,Q9089728,es:Tres Forques,,,,
POINT (-0.3957286989382374 39.46475921425179),València,1,46018,Carrer de María Zambrano (filòsofa),school,Col·legi d'Educació Infantil i Primària 8 de Març,Col·legi d'Educació Infantil i Primària 8 de Març,CEIP 8 de Març,public,Q108135789,Generalitat Valenciana,,,,,,,,,Colegio de Educación Infantil y Primaria 8 de Març,,,,,,,,,,,,,,Q38964,Q2477285,,,,,,,,,Col·legi d'Educació Infantil i Primària Doctor López Rosat,,Colegio de Educación Infantil y Primaria Doctor López Rosat,,,,,,,,,,,,,,,,,,,,,,,,,,,relation,14705514.0,10,administrative,Padró Municipal d'Habitants;Ajuntament de València,Tres Forques,Tres Forques,Tres Forques,boundary,Q9089728,es:Tres Forques,,,,
POINT (-0.4045885298211467 39.46446902136209),,,,,school,Colegio la Purísima Franciscanas,,,,,Colegios La Purisima,,,,,,,,,,,,,,,,,,,,,,,,,,,,,,,,,,,,,,,,,,,,,,,,,,,,,,,,,,,,,,relation,14705514.0,10,administrative,Padró Municipal d'Habitants;Ajuntament de València,Tres Forques,Tres Forques,Tres Forques,boundary,Q9089728,es:Tres Forques,,,,
POINT (-0.3985413616537293 39.466517883322695),,1,,Carrer Santa Cruz de Tenerife,school,Col·legi d'Educació Infantil i Primària Sector Aéreo,,CEIP Sector Aéreo,,Q108135684,,,,,http://www.ceice.gva.es/va/web/centros-docentes/consulta-general?viewUrl162652993=/abc/i_guiadecentros/es/centro.asp&codi=46012321,,,,,Colegio de Educación Infantil y Primaria Sector Aéreo,,,,,,,,,,,,,,,,,,,,,,,,,,,,,,,,,,,,,,,,,,,,,,,,,,,,,relation,14705514.0,10,administrative,Padró Municipal d'Habitants;Ajuntament de València,Tres Forques,Tres Forques,Tres Forques,boundary,Q9089728,es:Tres Forques,,,,
POINT (-0.4026482808492987 39.466972254682446),València,7,46018,Carrer de Miquel Paredes,school,Col·legi d'educació Infantil i Primària Gaspar Gil Polo,Col·legi d'educació Infantil i Primària Gaspar Gil Polo,,,,,,,,,,,,,,,,,,,,,,,,,,,Q532021,,,,,,,,,wall,,,,,,,,,,,,,,,,,,,,,,,,,,,,,,relation,14705514.0,10,administrative,Padró Municipal d'Habitants;Ajuntament de València,Tres Forques,Tres Forques,Tres Forques,boundary,Q9089728,es:Tres Forques,,,,
POINT (-0.4028175841667984 39.46629181315244),València,41,46018,Carrer del Músic Ayllón,school,Col·legi d'Educació Infantil i Primària Raquel Paya,Col·legi d'Educació Infantil i Primària Raquel Paya,CEIP Raquel Payà,,Q108135784,,,,,,,,,,,,,,,,,,,,,,,,Q20006451,,,,,,,,,wall,,,,,,,,,,,,,,,,,,,,,,,,,,,,,,relation,14705514.0,10,administrative,Padró Municipal d'Habitants;Ajuntament de València,Tres Forques,Tres Forques,Tres Forques,boundary,Q9089728,es:Tres Forques,,,,
POINT (-0.4017789601727423 39.464024599205054),València,94,46018,Carrer de Tres Forques,school,Escola Infantil Municipal SOLC,,,public,,Ajuntament de València,,,,,,,,,,,,,,,46029525,,,,,,,,,,,,,,,,,,,,,,,,,,,,,,,,,,,,,,,,,,,,,,,relation,14705514.0,10,administrative,Padró Municipal d'Habitants;Ajuntament de València,Tres Forques,Tres Forques,Tres Forques,boundary,Q9089728,es:Tres Forques,,,,
POINT (-0.3985146351064053 39.47412400190921),València,32,46018,Carrer de la Democràcia,school,Col·legi d'Educació Infantil i Primària 9 d'Octubre,Col·legi d'Educació Infantil i Primària 9 d'Octubre,CEIP 9 d'Octubre,public,Q108135818,Generalitat Valenciana,,,,https://mestreacasa.gva.es/web/ceip9octubre,Col·legi Públic 9 d'Octubre,,,+34 962 566 800,Colegio de Educación Infantil y Primaria 9 de Octubre,46014868@gva.es,,,,,46014868,,,,,,,,,Q2477285,,,,,Col·legi Públic 9 d'Octubre,Colegio Público 9 de Octubre,CEIP 9 de Octubre,,,,,,,,,,,,,,,,,,,,,,,,,,,,,,,relation,14705515.0,10,administrative,Padró Municipal d'Habitants;Ajuntament de València,Nou Moles,Nou Moles,Nou Moles,boundary,Q11696079,es:Nou Moles,,,,
POINT (-0.3959110009209748 39.4700498861752),València,23,46018,Carrer d'Olimpia Arozena Torres (Professora),school,Col·legi d'Educació Infantil i Primària Doctor Barcia Goyanes,Col·legi d'Educació Infantil i Primària Doctor Barcia Goyanes,,public,Q108135790,Generalitat Valenciana,,,,,,,,,Colegio de Educación Infantil y Primaria Doctor Barcia Goyanes,,,,,,46013499,,,,,,,,,Q2477285,,,,,,,,,,,,,,,,,,,,,,,,,,,,,,,,,,,,,,relation,14705515.0,10,administrative,Padró Municipal d'Habitants;Ajuntament de València,Nou Moles,Nou Moles,Nou Moles,boundary,Q11696079,es:Nou Moles,,,,
POINT (-0.4093245477094684 39.47068967836371),València,142,46014,Avinguda del Cid,school,Colegio Pureza de María,Col·legi Puresa de Maria,,private,Q60768374,Congregación Religiosas de la Pureza de María,,,,,,,,,,,,,,,,,,catholic,,christian,,,Q60768374,,,,,,,,,,,,,,,,,,,,,,,,,,,,,,,,,,,,,,,relation,14705516.0,10,administrative,Padró Municipal d'Habitants;Ajuntament de València,Soternes,Soternes,Soternes,boundary,Q9079092,es:Soternes,,,,
POINT (-0.3692330550886581 39.46760707769678),,25,46004,Calle de Isabel la Católica,school,Colegio San Vicente Ferrer,,,religious,,,,,,https://dominicoscoval.org/,,,,+34 963536600,Colegio San Vicente Ferrer,,,,,,,,,,,christian,,,Q317131,,,,,,,,,,,,,,,,,,,,,,,,,,,,,,,,,,,,,,,relation,14727509.0,10,administrative,,el Pla del Remei,el Pla del Remei,,boundary,,,,,,
POINT (-0.3740586307909878 39.46671386238525),València,3,,Carrer de Ciril Amorós,school,Col·legi d'Educació Infantil i Primària San Juan de Ribera,Col·legi d'Educació Infantil i Primària San Juan de Ribera,CEIP San Juan de Ribera,,Q108135679,,,,,https://mestreacasa.gva.es/web/sanjuanderibera/ini,,,,,Colegio de Educación Infantil y Primaria San Juan de Ribera,,,,,,46012151,,,,,,,,,,,,,,,,,,,,,,,,,,,,,,,,,,,,,,,,,,,,,,,relation,14727509.0,10,administrative,,el Pla del Remei,el Pla del Remei,,boundary,,,,,,
POINT (-0.3617261741465747 39.463492300179254),,,,,school,Colegio Nuestra Señora de Loreto,Col·legi Nostra Senyora de Loreto,,,Q93980898,,,Catastro Spain,,,,,,,,,,,,,,,,,,,,,Q93980898,,,,,,,,,,,,,,,,,,,,2024-09-29,,,,,,,,,,,,,,,,,,,relation,14727510.0,10,administrative,,Gran Via,Gran Via,,boundary,Q8964912,ca:Gran Via (barri de València),,,,
POINT (-0.3625983189904278 39.464810332844955),,,,,school,Colegio Sagrado Corazón Hermanos Maristas,,,,Q108422729,,,,,,,,,,,,,,,,,,,,,,,,,,,,,,,,,,,,,,,,,,,,,,,,,,,,,,,,,,,,,,,relation,14727510.0,10,administrative,,Gran Via,Gran Via,,boundary,Q8964912,ca:Gran Via (barri de València),,,,
POINT (-0.3682438924508518 39.4649793851868),,,,,school,Institut d'Educació Secundària Sant Vicent Ferrer,Institut d'Educació Secundària Sant Vicent Ferrer,IES Sant Vicent Ferrer,,Q107144048,,,Catastro Spain,,,,,,,Instituto de Educación Secundaria San Vicente Ferrer,,,,,,,,,,,,,,,,,,,,,,,,,,,,,,,,,,,,,,,,,,,,,,,,,,,,,relation,14727510.0,10,administrative,,Gran Via,Gran Via,,boundary,Q8964912,ca:Gran Via (barri de València),,,,
POINT (-0.374894356643751 39.457741425186796),València,53-57,46006,Avenida Peris y Valero,school,British School of Valencia,,,,,,,,,,,,,,,,,,,,,,,,,,,,,,,,,,,,,,,,,,,,,,,,,,,,,,,,,,,,,,,,,,,relation,14727511.0,10,administrative,,Russafa,Russafa,Ruzafa,boundary,Q9071485,ca:Russafa,,,,
POINT (-0.3741170396781843 39.46134265564479),,,,,school,Col·legi d'Educació Infantil i Primària Alejandra Soler,,CEIP Alejandra Soler,,Q108136593,,,Catastro Spain,,,,,,,,,,,,,,,,,,,,,Q21001071,,,,,,,,,,,,,,,,,,,,,,,,,,,,,,,,,,,,,,,relation,14727511.0,10,administrative,,Russafa,Russafa,Ruzafa,boundary,Q9071485,ca:Russafa,,,,
POINT (-0.3697074615407771 39.46137256045736),,,,,school,Col·legi d'Educació Infantil i Primària Jaume Balmes,Col·legi d'Educació Infantil i Primària Jaume Balmes,CEIP Jaume Balmes,,,,,,,,,,,,Colegio de Educación Infantil y Primaria Jaume Balmes,,,,,,,,,,,,,,Q2439397,,,,,,,,,,,,,,,,,,,,,,,,,,,,,,,,,,,,,,,relation,14727511.0,10,administrative,,Russafa,Russafa,Ruzafa,boundary,Q9071485,ca:Russafa,,,,
POINT (-0.3686133213113777 39.463077144981995),,,,,school,Centro Privado de Enseñanza San José Hermanas Franciscanas de la Inmaculada,,,,,,,,,,,,,,,,,,,,,,,,,,,,,,,,,,,,,,,,,,,,,,,,,,,,,,,,,,,,,,,,,,,relation,14727511.0,10,administrative,,Russafa,Russafa,Ruzafa,boundary,Q9071485,ca:Russafa,,,,
POINT (-0.3685393326972441 39.46345363579815),València,46,46005,Avinguda del Regne de València,school,Centre Integrat Públic de Formació Professional Vicente Blasco Ibañez,Centre Integrat Públic de Formació Professional Vicente Blasco Ibañez,CIPFP Vicente Blasco Ibáñez,,Q107185165,Generalitat Valenciana,,,,,,,,,,,,,,,,,,,,,,,Q219646,,,,,,,,,,,,,,,,,,,,,,,,,,,,,,,,,,,,,,,relation,14727511.0,10,administrative,,Russafa,Russafa,Ruzafa,boundary,Q9071485,ca:Russafa,,,,
POINT (-0.3691551539870666 39.46363891911944),València,40,46005,Avinguda del Regne de València,school,Escuelas Profesionales de Artesanos,,,,,,,,,https://escuelasdeartesanos.es/,,,,+34 963 746 592,,secretaria@escuelasdeartesanos.com,,,,,,,,,,,,,,,,,,,,,,,,,,,,,,,,,,+34 963 746 592,,,,,,,,,,,,,,,,,,relation,14727511.0,10,administrative,,Russafa,Russafa,Ruzafa,boundary,Q9071485,ca:Russafa,,,,
POINT (-0.3857856 39.4654856),,,,,school,Colegio Nuestra Señora del Socorro,,,,Q108139999,,,,,,,,,,,,,,,,,,,,,,,,,,,,,,,,,,,,,,,,,,,,,,,,,,,,,,,,,,,,,,,relation,14727567.0,10,administrative,,Arrancapins,Arrancapins,,boundary,Q8204897,ca:Arrancapins,,,,
POINT (-0.3824489812746437 39.46470672353701),,,,Carrer d'Albacete,school,Centro Privado De Enseñanza Santo Tomás De Villanueva,,,,,,,,,,,,,,,,,,,,,,,,,,,,Q2166628,,,,,,,,,,,,,,,,,,,,,,,,,,,,,,,,,,,,,,,relation,14727567.0,10,administrative,,Arrancapins,Arrancapins,,boundary,Q8204897,ca:Arrancapins,,,,
POINT (-0.3844535516227336 39.467963832634986),,,,,school,Col·legi d'Educació Infantil i Primària Lluís Vives,Col·legi d'Educació Infantil i Primària Lluís Vives,CEIP Lluís Vives,public,,,,,,,,,,,Colegio de Educación Infantil y Primaria Lluís Vives,,,,,,,,,,,,,,Q316357,,,,,,,,,,,,,,,,,,,,,,,,,,,,,,,,,,,,,,,relation,14727567.0,10,administrative,,Arrancapins,Arrancapins,,boundary,Q8204897,ca:Arrancapins,,,,
POINT (-0.388589856914018 39.468503062434806),València,18,46008,Carrer d'Alberic,school,Institut d'Educació Secundària Abastos,Institut d'Educació Secundària Abastos,IES Abastos,public,Q107098487,Generalitat Valenciana,,local knowledge;streetlevel imagery;aerial imagery;gps,,https://portal.edu.gva.es/iesabastos/,,,,+34 961 20 58 75,Instituto de Educación Secundaria Abastos,46025040@gva.es,,,,,46025040,,yes,,7-12,none,no,,Q8200942,Q2477285,,,,,,,,,,,,,,,,,,,,+34 961 20 58 76,,,,,,,,,,,,,0,https://external-content.duckduckgo.com/iu/?u=https%3A%2F%2Fs3-media1.fl.yelpcdn.com%2Fbphoto%2FwTZIQNstFdSEnni8zUzPHA%2Fo.jpg&f=1&nofb=1,,,,relation,14727567.0,10,administrative,,Arrancapins,Arrancapins,,boundary,Q8204897,ca:Arrancapins,,,,
POINT (-0.3866491873422793 39.47074616820496),,,,,school,Centre Concertat d'Esenyament Escolàpies,,,,,,,,,,,,,,,,,,,,,,,catholic,,christian,,,,,,,,,,,,,,,,,,,,,,,,,,,,,,,,,,,,,,,,,,relation,14727567.0,10,administrative,,Arrancapins,Arrancapins,,boundary,Q8204897,ca:Arrancapins,,,,
POINT (-0.3910906 39.4746773),,,,,school,La Aurora,,,,,,,,,,,,,,,,,,,,,,,,,,,,,,,,,,,,,,,,,,,,,,,,,,,,,,,,,,,,,,,,,,,relation,14727568.0,10,administrative,,la Petxina,la Petxina,,boundary,Q9018918,ca:La Roqueta (barri de València),,,,
POINT (-0.3885008044905385 39.47061981737305),,,,,school,Col·legi d'Educació Infantil i Primària Teodoro Llorente,Col·legi d'Educació Infantil i Primària Teodoro Llorente,CEIP Teodoro Llorente,,Q108135687,,,,,,,,,,,,,,https://portal.edu.gva.es/ceipteodorollorente,,,,,,,,,,,,,,,,,,,,Grupo Escolar Teodoro Llorente,,,,,,,,,,,,,,,,,,,,,,,,,,,,,relation,14727568.0,10,administrative,,la Petxina,la Petxina,,boundary,Q9018918,ca:La Roqueta (barri de València),,,,
POINT (-0.393989886934197 39.47370070013335),,,,,school,Colegio San José de la Montaña,Col·legi de Sant Josep de la Muntanya,,,Q95478917,,,,,,,,,,,,,,,,,,,,,,,,,,,,,,,,,,,,,,,,,,,,,,,,,,,,,,,,,,,,,,,relation,14727568.0,10,administrative,,la Petxina,la Petxina,,boundary,Q9018918,ca:La Roqueta (barri de València),,,,
POINT (-0.3922240066623662 39.47314460833325),,,,,school,Colegio San Pedro Pascual,,,,,,,,,,,,,,,,,,,,,,,,,,,,,,,,,,,,,,,,,,,,,,,,,,,,,,,,,,,,,,,,,,,relation,14727568.0,10,administrative,,la Petxina,la Petxina,,boundary,Q9018918,ca:La Roqueta (barri de València),,,,
POINT (-0.3877973504823232 39.47253629462392),,,,,school,Colegio Jesús-María Fernando el Católico,,,,Q108425917,,,,,,,,,,,,,,,,,,,,,,,,,,,,,,,,,,,,,,,,,,,,,,,,,,,,,,,,,,,,,,,relation,14727568.0,10,administrative,,la Petxina,la Petxina,,boundary,Q9018918,ca:La Roqueta (barri de València),,,,
POINT (-0.3843972343693793 39.47725286746045),,153,46008,Carrer de Guillem de Castro,school,Col·legi d'Educació Infantil i Primària Cervantes,Col·legi d'Educació Infantil i Primària Cervantes,CEIP Cervantes,,Q108135685,,,,,https://portal.edu.gva.es/cervantesvalencia/,,,Mo-Th 09:00-17:00; Fr 09:00-15:30,,Colegio de Educación Infantil y Primaria Cervantes,46012343@edu.gva.es,,,,,46012343,,,,,,,,Q5682,,,,,,,,,,,,,,,,,,,,,,Cervantes Primary School,,,,,,,,,,,,,,,,,relation,14727570.0,10,administrative,,el Botànic,el Botànic,,boundary,Q11004084,ca:El Botànic,,,,
POINT (-0.4012432347904646 39.47712001487288),,,,,school,Col·legi d'Educació Infantil i Primària Francisco Giner de los Ríos,Col·legi d'Educació Infantil i Primària Francisco Giner de los Ríos,CEIP Francisco Giner de los Ríos,public,Q108422481,Generalitat Valenciana,,,,https://mestreacasa.gva.es/web/ginerdelosrios,,,,+34 962 56 60 20,Colegio de Educación Infantil y Primaria Francisco Giner de los Ríos,,,,,,46016580,,,,,,,,Q761732,Q2477285,,,,,,,,,,,,,,,,,,,,,,,,,,,,,,,,,,,,,,relation,14727656.0,10,administrative,,Sant Pau,Sant Pau,,boundary,Q9073969,ca:Sant Pau (barri de València),,,,
POINT (-0.3999907210077161 39.48696264400236),,1,46015,Avenida Cortes Valencianas,school,Escuelas de San José - Jesuitas,,,,,,,,,,,,,,,,,,,,,,,,,,,,,,,,,,,,,,,,,,,,,,,,,,,,,,,,,,,,,,,,,,,relation,14727656.0,10,administrative,,Sant Pau,Sant Pau,,boundary,Q9073969,ca:Sant Pau (barri de València),,,,
POINT (-0.402271449773841 39.488449072301464),València,40,46015,Carrer del Pare Barranco,school,Colegio Sagrada Familia,,,,,,,,,https://sfamiliav.hhdc.net,,,,,,,,,,,,,,catholic,0-3,christian,,,,,,,,,,,,,,,,,,,,,,Perteneciente a la Fundación Educativa Madre Micaela HHDC,,,,,,,,,,,,,,,,,,,,relation,14727656.0,10,administrative,,Sant Pau,Sant Pau,,boundary,Q9073969,ca:Sant Pau (barri de València),,,,
POINT (-0.4021081682273613 39.489616976223694),,1,46015,Carrer de Sant Clement,school,Colegio Niño Jesús,,,,,,,,,,,,,,,,,,,,46015231,,,,,,,,,,,,,,,,,,,,,,,,,,,,,,,,,,,,,,,,,,,,,,,relation,14727656.0,10,administrative,,Sant Pau,Sant Pau,,boundary,Q9073969,ca:Sant Pau (barri de València),,,,
POINT (-0.4183662661540383 39.494554411539326),València,,46035,Camí Vell de Paterna,school,Col·legi d'Educació Infantil i Primària Camí de l'Horta,Col·legi d'Educació Infantil i Primària Camí de l'Horta,CEIP Camí de l'Horta,public,Q108135669,,,,,https://mestreacasa.gva.es/web/4600906100,,,,,Colegio de Educación Infantil y Primaria Camí de l'Horta,,,,,,,,,,,,,,,,,,,,,,,,Col·legi d'Educació Infantil i Primària Arquitecte Santiago Calatrava,Col·legi d'Educació Infantil i Primària Arquitecte Santiago Calatrava,Colegio de Educación Infantil y Primaria Arquitecto Santiago Calatrava,,,,,,,,,,,,,,,,,,,,,,,,,,,relation,14727656.0,10,administrative,,Sant Pau,Sant Pau,,boundary,Q9073969,ca:Sant Pau (barri de València),,,,
POINT (-0.4039790986056609 39.4836482724843),València,,46015,Carrer de l'Alqueria de Ricós,school,Centre d'Atenció Temprana i Educació Infantil L'Alqueria,,,private,,Universitat de València,,,,,,,,,,,,,,,,,,,0-6,christian,,,,,,,,,,,,,,,,,,,,,,,,,,,,,,,,,,,,,,,,,,relation,14727656.0,10,administrative,,Sant Pau,Sant Pau,,boundary,Q9073969,ca:Sant Pau (barri de València),,,,
POINT (-0.4074052495814801 39.478563468456265),València,3,46015,Avinguda de Pío Baroja,school,València Montessori School,,,,,,,,,https://valenciamontessori.org/,,,,+34963475201,,,,,,,,,yes,,,,,,,,,,,,,,,,,,,,,,,,,,,,,,,,,,montessori,,,,,,,,Valencia Montessori School,,,relation,14727656.0,10,administrative,,Sant Pau,Sant Pau,,boundary,Q9073969,ca:Sant Pau (barri de València),,,,
POINT (-0.3845555 39.4828711),,9,46009,Calle del Reverendo Rafael Ramón Llin,school,Colegio Diocesano San Juan Bosco,,,,,,,,,https://colegiodiocesanosanjuanbosco.com/,,,,+34 963495539,Colegio Diocesano San Juan Bosco,,,,,,,,,,,,,,,,,,,,,,,,,,,,,,,,,,,,,,,,,,,,,,,,,,,,,relation,14727658.0,10,administrative,,les Tendetes,les Tendetes,,boundary,Q9021877,ca:Les Tendetes,,,,
POINT (-0.3871170497190953 39.483507045252274),València,26,46009,Calle de Ricardo Micó,school,Col·legi Maria Inmaculada,,,private,,Religiosas Teatinas de la Inmaculada,,,,,,,,+34 963 40 61 43,Colegio María Inmaculada,,,,,,,,,,,christian,,,,,,,,,,,,,,,,,,,,,,,,,,,,,,,,,,,,,,,,,,relation,14727658.0,10,administrative,,les Tendetes,les Tendetes,,boundary,Q9021877,ca:Les Tendetes,,,,
POINT (-0.3857689839333118 39.48263214938353),,,,,school,Centre d'Educació Infantil San Juan Bosco,,,religious,,Arquebisbat de València,,,,,,,,,,,,,,,,,,,,,,,,,,,,,,,,,,,,,,,,,,,,,,,,,,,,,,,,,,,,,,relation,14727658.0,10,administrative,,les Tendetes,les Tendetes,,boundary,Q9021877,ca:Les Tendetes,,,,
POINT (-0.3930410493345991 39.47888294201613),,1,,Calle del Padre Diego Mirón,school,Colegio de Fomento Vilavella,,,private,,Fomento de Centros de Enseñanza,,,,,,,,,,,,,,,,,,,,,,,,,,,,,,,,fence,,,,,,,,,,,,,,,,,,,,,,,,,,,,,,relation,14727659.0,10,administrative,,Campanar,Campanar,,boundary,Q3393032,ca:Campanar (València),,,,
POINT (-0.3986775690653894 39.48083492612729),,,,Plaza de Badajoz,school,Institut d'Educació Secundària Campanar,Institut d'Educació Secundària Campanar,IES Campanar,,Q37806177,,,,,,,,,,Instituto de Educación Secundaria Campanar,,,,,,,,,,,,,,,,,,,,,,,,,,,,,,,,,,,,,,,,,,,,,,,,,,,,,relation,14727659.0,10,administrative,,Campanar,Campanar,,boundary,Q3393032,ca:Campanar (València),,,,
POINT (-0.3953359730781663 39.48241768317062),,1,,Calle de Rascaña,school,Col·legi d'Educació Infantil i Primària Campanar,Col·legi d'Educació Infantil i Primària Campanar,CEIP Campanar,public,Q108135890,Generalitat Valenciana,,,,https://portal.edu.gva.es/ceipcampanar/,,,,,,,,,,,,,,,,,,0-1,,Q2477285,,,,,,,,,,,,,,,,,,,,,,,,,,,,,,,,,,,,,,relation,14727659.0,10,administrative,,Campanar,Campanar,,boundary,Q3393032,ca:Campanar (València),,,,
POINT (-0.3943365946048676 39.484616732014814),València,34,46015,Avinguda de Pius XII,school,Col·legi d'Educació Infantil i Primària Comunitat Valenciana,Col·legi d'Educació Infantil i Primària Comunitat Valenciana,CEIP Comunitat Valenciana,public,,Generalitat Valenciana,,,,https://portal.edu.gva.es/comunitatvalenciana/,,,,,,,,,,,46017729,,,,,none,,0;1,,Q2477285,,,,,,,,,,,,,,,,,,,,,,,,,,,,,,,,,,,,,,relation,14727659.0,10,administrative,,Campanar,Campanar,,boundary,Q3393032,ca:Campanar (València),,,,
POINT (-0.3932982130117496 39.48493004284522),València,,46015,Carrer del Monestir de Poblet,school,Institut d'Educació Secundària Conselleria,Institut d'Educació Secundària Conselleria,IES Conselleria,public,Q107092273,Generalitat Valenciana,,,,https://portal.edu.gva.es/46022257/,,,,,,,,,,,46022257,,,,,none,,2;3;5,,Q2477285,,,,yes,,,,,,,,,,,,,,,,,,,,,,,,,,,,,,,,,,relation,14727659.0,10,administrative,,Campanar,Campanar,,boundary,Q3393032,ca:Campanar (València),,,,
POINT (-0.3635249684986922 39.48784801374916),,,,,school,Col·legi d'Educació Infantil i Primària Carles Salvador,Col·legi d'Educació Infantil i Primària Carles Salvador,CEIP Carles Salvador,,Q108136055,Generalitat Valenciana,,,,,,,,,Colegio de Educación Infantil y Primaria Carles Salvador,,,,,,,,,,,,,,Q2939072,,,,,,,,,,,,,,,,,,,,,,,,,,,,,,,,,,,,,,,relation,14728077.0,10,administrative,,Sant Llorenç,Sant Llorenç,,boundary,Q9073962,ca:Sant Llorenç (barri de València),,,,
POINT (-0.3606957889922826 39.49430362089287),,9,46019,Avinguda dels Germans Machado,school,Institut d'Educació Secundària Rascanya-Antonio Cañuelo,Institut d'Educació Secundària Rascanya-Antonio Cañuelo,IES Rascanya-Antonio Cañuelo,,Q107092271,,,,,http://iesrascanya.es/,,,,,,,,,,,46025507,,,,,,,,Q112114929,,,,,,,,,,,,,,,,,,,,,,,,,,,,,,,,,,,,,,,relation,14728077.0,10,administrative,,Sant Llorenç,Sant Llorenç,,boundary,Q9073962,ca:Sant Llorenç (barri de València),,,,
POINT (-0.3669560146001485 39.4942673637339),,,,,school,Col·legi d'Educació Infantil i Primària Miguel Hernández,Col·legi d'Educació Infantil i Primària Miguel Hernández,CEIP Miguel Hernández,public,Q108135690,Generalitat Valenciana,,,,,,,,,Colegio de Educación Infantil y Primaria Miguel Hernández,,,,,,,,,,,,,,Q332088,Q2477285,,,,,,,,,,,,,,,,,,,,,,,,,,,,,,,,,,,,,,relation,14728077.0,10,administrative,,Sant Llorenç,Sant Llorenç,,boundary,Q9073962,ca:Sant Llorenç (barri de València),,,,
POINT (-0.3667007714640794 39.4897656126469),,,,Carrer de la Diputada Clara Campoamor,school,Escola Infantil Municipal Diputada Clara Campoamor,,,public,,Ajuntament de València,,,,,,,,,,,,,,,,,,,,,,,,,,,,,,,,,,,,,,,,,,,,,,,,,,,,,,,,,,,,,,relation,14728077.0,10,administrative,,Sant Llorenç,Sant Llorenç,,boundary,Q9073962,ca:Sant Llorenç (barri de València),,,,
POINT (-0.366597448727799 39.49618763924286),,,,Carrer de Santiago Rusiñol,school,Institut d'Educació Secundària Orriols,Institut d'Educació Secundària Orriols,IES Orriols,,,,,,,https://mestreacasa.gva.es/web/iesorriols,IES Orriols,,,,,,,,,,,,,,,,,,,,,,,,,,,,,,,,,,,,,,,,,,,,,,,,,,,,,,,,,relation,14728077.0,10,administrative,,Sant Llorenç,Sant Llorenç,,boundary,Q9073962,ca:Sant Llorenç (barri de València),,,,
POINT (-0.3655202032567992 39.49540064377639),,,,,school,Colegio Marni,,,,,,,,,,,,,,,,,,,,,,,,,,,,,,,,,,,,,,,,,,,,,,,,,,,,,,,,,,,,,,,,,,,relation,14728077.0,10,administrative,,Sant Llorenç,Sant Llorenç,,boundary,Q9073962,ca:Sant Llorenç (barri de València),,,,
POINT (-0.3680247549955171 39.492369062001174),València,32,46019,Carrer de Sant Vicent de Paül,school,Escola Infantil Marni II,,,private,,Marni,,,,,,,,,,,,,,,,,,,,,,,,,,,,,,,,,,,,,,,,,,,,,,,,,,,,,,,,,,,,,,relation,14728077.0,10,administrative,,Sant Llorenç,Sant Llorenç,,boundary,Q9073962,ca:Sant Llorenç (barri de València),,,,
POINT (-0.3777802263717581 39.49532476250631),València,1,46019,Carrer de l'Erudit Pagés,school,Col·legi d'Educació Infantil i Primària Torrefiel,Col·legi d'Educació Infantil i Primària Torrefiel,CEIP Torrefiel,,Q108135689,,,,,https://mestreacasa.gva.es/web/4601244600,,,,,Colegio de Educación Infantil y Primaria Torrefiel,,,+34 962566360,,,,,,,,,,,Q9089066,,,,,,,,,,,,,,,,,,,,,,,,,,,,,,,,,,,,,,,relation,14728078.0,10,administrative,,Torrefiel,Torrefiel,,boundary,Q9089066,ca:Torrefiel,,,,
POINT (-0.3784742386438897 39.49256894506989),València,44,46019,Calle Impresor Patricio Mey,school,Col·legi d'Educació Infantil i Primària Sanchis Guarner,Col·legi d'Educació Infantil i Primària Sanchis Guarner,CEIP Sanchis Guarner,public,,Generalitat Valenciana,,,,,,,,+34 963669198,,,,,,,46018114,,,,,,,0;1,,Q2477285,,,,,,,,,,,,,,,,3,,,,,,,,,,,,,,,,,,,,,,relation,14728078.0,10,administrative,,Torrefiel,Torrefiel,,boundary,Q9089066,ca:Torrefiel,,,,
POINT (-0.3741024515261944 39.498168497462395),València,,46019,Plaça de Sant Jeroni,school,Col·legi d'Educació Infantil i Primària Antonio Machado,Col·legi d'Educació Infantil i Primària Antonio Machado,,public,Q108136058,Generalitat Valenciana,,,,https://portal.edu.gva.es/antoniomachado,,,,,,,,,,,,,,,,none,,0;1,Q243771,Q2477285,,,,yes,,,,,,,,,,,,3,,,,,,,,,,,,,,,,,,,,,,relation,14728078.0,10,administrative,,Torrefiel,Torrefiel,,boundary,Q9089066,ca:Torrefiel,,,,
POINT (-0.3794496520379544 39.49666254935668),València,,,Carrer d'Alemany,school,Institut d'Educació Secundària José Ballester Gozalvo,Institut d'Educació Secundària José Ballester Gozalvo,IES José Ballester Gozalvo,public,,Generalitat Valenciana,,,,https://portal.edu.gva.es/iesjbg/,,,,+34 961 20 62 55,,,,,,,46019763,,,,,none,,2;3;5,Q29584071,Q2477285,,,,yes,,,,,,,,,,,,,,,,,,,,,,,,,,,,,,,,,,relation,14728078.0,10,administrative,,Torrefiel,Torrefiel,,boundary,Q9089066,ca:Torrefiel,,,,
POINT (-0.3698649785736287 39.49215343608085),València,29,46019,Carrer de Reig Genovés,school,Col·legi d'Educació Infantil i Primària Professor Bartolomé Cossio,Col·legi d'Educació Infantil i Primària Professor Bartolomé Cossio,CEIP Professor Bartolomé Cossio,,Q108135988,,,http://www.valencia.es/ayuntamiento/infociudad_accesible.nsf/vDocumentosWebListado/9495C6705C790E90C12572C20023DB56?OpenDocument&bdOrigen=,,,,,,+34 962566310,Colegio de Educación Infantil y Primaria Profesor Bartolomé Cossio,46016452@edu.gva.es,,,,,46016452,,,,,,,,Q5678776,,,,,,,,,,,,,,,,,,,,,+34 963689064,,,,,,,,,,,,,,,,,,relation,14728079.0,10,administrative,,els Orriols,els Orriols,,boundary,Q8775138,ca:Els Orriols,,,,
POINT (-0.3730084713045842 39.49266773659769),València,178,46019,Avinguda de la Constitució,school,Col·legi Maria Auxiliadora de València,,,religious,,Salesianas,,,,,,,,,,,,,,,,,,,,christian,,,,,,,,,,,,,,,,,,,,,,,,,,,,,,,,,,,,,,,,,,relation,14728079.0,10,administrative,,els Orriols,els Orriols,,boundary,Q8775138,ca:Els Orriols,,,,
POINT (-0.3795018289949643 39.48987544352239),,34,,Carrer de l'Economista Gay,school,Institut d'Educació Secundària El Clot,Institut d'Educació Secundària El Clot,IES El Clot,,Q107092272,,,,,,,,,,Instituto de Educación Secundaria El Clot,,,,,,,,,,,,,,,,,,,,,,,,,,,,,,,,,,,,,,,,,,,,,,,,,,,,,relation,14731119.0,10,administrative,,Tormos,Tormos,,boundary,Q9088545,ca:Tormos (barri de València),,,,
POINT (-0.3834436341775324 39.48884946895447),València,9,46009,Calle del Músico Jarque Cualladó,school,Comenius Centre Educatiu,,,private,,Juan Comenius,,,,,,,,,,,,,,,,,,,,,,,,,,,,,,,,,,,,,,,,,,,,,,,,,,,,,,,,,,,,,,relation,14731119.0,10,administrative,,Tormos,Tormos,,boundary,Q9088545,ca:Tormos (barri de València),,,,
POINT (-0.3799740977352393 39.489780516100694),,,,,school,Col·legi d'Educació Infantil i Primària Professor Luis Braille,Col·legi d'Educació Infantil i Primària,CEIP Professor Luis Braille,,Q108136061,,,,,,,,,,Colegio de Educación Infantil y Primaria Profesor Luis Braille,,,,,,,,,,,,,,Q93182,,,,,,,,,,,,,,,,,,,,,,,,,,,,,,,,,,,,,,,relation,14731119.0,10,administrative,,Tormos,Tormos,,boundary,Q9088545,ca:Tormos (barri de València),,,,
POINT (-0.3691825120024371 39.4835698775296),,13,,Carrer del Convent dels Carmelites,school,Institut d'Educació Secundària Benlliure,Institut d'Educació Secundària Benlliure,IES Benlliure,,Q107092275,,,,,http://iesbenlliure.edu.gva.es/index.php/es/,,,,,,,,,,,,,,,,,,,Q2402329,,,,,,,,,,,,,,,,,,,,,,,,,,,,,,,,,,,,,,,relation,14731120.0,10,administrative,,Trinitat,Trinitat,,boundary,Q9090102,ca:Trinitat (barri de València),,,,
POINT (-0.3681632698888094 39.485875588043605),,7,,Calle de Bellús,school,Col·legi d'Educació Infantil i Primària San Fernando,,,,,,,,,,,,,,,,,,,,,,,,,,,,,,,yes,,,,,,,,,,,,,,,,,,,,,,,,,,,,,,,,,,,,relation,14731120.0,10,administrative,,Trinitat,Trinitat,,boundary,Q9090102,ca:Trinitat (barri de València),,,,
POINT (-0.3682965614166334 39.485615364262664),,5,,Calle de Bellús,school,Col·legi d'Educació Infantil i Primària San Fernando,,,,,,,,,,,,,,,,,,,,,,,,,,,,,,,yes,,,,,,,,,,,,,,,,,,,,,,,,,,,,,,,,,,,,relation,14731120.0,10,administrative,,Trinitat,Trinitat,,boundary,Q9090102,ca:Trinitat (barri de València),,,,
POINT (-0.3719629552849135 39.48082434882222),,,,,school,Colegio Pío XII - Valencia,,,private,,,,,,http://www.colegiopioxii.com/,,,,,,,,,,,,,,,,,,,Q2604,,,,,,,,,,,,,,,,,,,,,,,,,,,,,,,,,,,,,,,relation,14731120.0,10,administrative,,Trinitat,Trinitat,,boundary,Q9090102,ca:Trinitat (barri de València),,,,
POINT (-0.3678827603252807 39.4833853510251),València,,46010,Carrer de Jaca,school,Col·legi d'Educació Infantil i Primària Vivers,Col·legi d'Educació Infantil i Primària Vivers,CEIP Vivers,public,Q108135791,Generalitat Valenciana,,,,https://mestreacasa.gva.es/web/ceipvivers,Col·legi Públic Vivers,,,+34 962 566 790,,46013505@gva.es,,,,,46013505,,,,,,,,,Q2477285,,,,yes,Col·legi Públic Vivers,,,,Colegio Villar Palasí,,,,,,,,,,,,,,,,,,,,,,,,,,,,,relation,14731120.0,10,administrative,,Trinitat,Trinitat,,boundary,Q9090102,ca:Trinitat (barri de València),,,,
POINT (-0.3682858997751483 39.48572224114766),,,,,school,Col·legi d'Educació Infantil i Primària San Fernando,,,public,,Ajuntament de València,,,,,,,,,,,,,,,,,,,,,,,,,,,,,,,,,,,,,,,,,,,,,,,,,,,,,,,,,,,,,,relation,14731120.0,10,administrative,,Trinitat,Trinitat,,boundary,Q9090102,ca:Trinitat (barri de València),,,,
POINT (-0.3701279672360457 39.487703039030116),València,,46009,Carrer del Pare Urbà,school,Col·legi d'Educació Infantil i Primària Max Aub,Col·legi d'Educació Infantil i Primària Max Aub,CEIP Max Aub,public,Q108136108,Generalitat Valenciana,,,,https://portal.edu.gva.es/ceipmaxaub/,,,,,,,,,,,46018126,,,,,none,,0;1,Q356546,Q2477285,,,,yes,,,,,,,,,,,,3,,,,,,,,,,,,,,,,,,,,,,relation,14731121.0,10,administrative,,Sant Antoni,Sant Antoni,,boundary,Q6120185,ca:Sant Antoni (barri de València),,,,
POINT (-0.3733930363673948 39.49074654217386),,2,,Avenida Primado Reig,school,Col·legi Sant Antoni Abad,,,private,,Salesianos,,,,,,,,,Colegio San Antonio Abad,,,,,,,,,,,christian,,,,,,,,,,,,,,,,,,,,,,,,,,,,,,,,,,,,,,,,,,relation,14731121.0,10,administrative,,Sant Antoni,Sant Antoni,,boundary,Q6120185,ca:Sant Antoni (barri de València),,,,
POINT (-0.3729984699145334 39.48810070804217),,,,,school,Colegio Luz Casanova,,,,,,,,,,,,,,,,,,,,,,,,,,,,Q23090708,,,,,,,,,,,,,,,,,,,,,,,,,,,,,,,,,,,,,,,relation,14731121.0,10,administrative,,Sant Antoni,Sant Antoni,,boundary,Q6120185,ca:Sant Antoni (barri de València),,,,
POINT (-0.3777754763695922 39.48427141827497),,,,,school,Centro Privado de Enseñanza Santísima Trinidad,,,,,,,,,,,,,,,,,,,,,,,,,,,,,,,,,,,,,,,,,,,,,,,,,,,,,,,,,,,,,,,,,,,relation,14731122.0,10,administrative,,Morvedre,Morvedre,,boundary,Q6024517,ca:Morvedre (barri de València),,,,
POINT (-0.375140513111249 39.48576198033235),València,18,46009,Carrer de Ruaya,school,Col·legi Mercurio,,,private,,Cooperativa Nuevo Mercurio,,,,,,,,,,,,,,,,,,,7-12,,,,,,,,,,,,,,,,,,,,,,,,,,,,,,,,,,,,,,,,,,,relation,14731122.0,10,administrative,,Morvedre,Morvedre,,boundary,Q6024517,ca:Morvedre (barri de València),,,,
POINT (-0.3808048066754061 39.48533520098783),,36,,Calle del Doctor Olóriz,school,Col·legi Diocesà Santiago Apòstol,,,private,,Fundació Col·legis Diocesans Sant vicent Màrtir,,,,,,,,,,,,,,,,,,,,christian,,,,,,,,,,,,,,,,,,,,,,,,,,,,,,,,,,,,,,,,,,relation,14731123.0,10,administrative,,Marxalenes,Marxalenes,,boundary,Q1770935,ca:Marxalenes,,,,
POINT (-0.3862731426889306 39.48653295891924),,80,,Calle de Marchalenes,school,Colegio Hermanas Mantellate,,,,,,,,,,,,,,,,,,,,,,,,,,,,,,,,,,,,,,,,,,,,,,,,,,,,,,,,,,,,,,,,,,,relation,14731123.0,10,administrative,,Marxalenes,Marxalenes,,boundary,Q1770935,ca:Marxalenes,,,,
POINT (-0.380498394981521 39.4846410757354),València,28,46009,Carrer del Doctor Olóriz,school,Col·legi d'Educació Infantil i Primària Doctor Olóriz,Col·legi d'Educació Infantil i Primària Doctor Olóriz,,,Q108135688,,,,,,,,,+34 962 56 52 40,Colegio de Educación Infantil y Primária Doctor Olóriz,,,,,,,,,,,,,,,,,,,,,,,,,,,,,,,,,,,,,,,,,,,,,,,,,,,,,relation,14731123.0,10,administrative,,Marxalenes,Marxalenes,,boundary,Q1770935,ca:Marxalenes,,,,
POINT (-0.3544278255796697 39.476837077726785),,35,,Avinguda de Blasco Ibáñez,school,Colegio Nuestra Señora del Pilar,,,,,,,,,,,,,,,,,,,,,,,,,,,,Q28517347,,,,,,,,,,,,,,,,,,,,,,,,,,,,,,,,,,,,,,,relation,14731655.0,10,administrative,,Ciutat Universitària,Ciutat Universitària,,boundary,Q8346555,ca:Ciutat Universitària (barri de València),,,,
POINT (-0.3637562 39.4803645),València,5,,Avinguda de Menéndez y Pelayo,school,"Hispania, escuela de español",,Hispania Aulario,,,Hispania educación y comunicación S.L.,,,,,Aulario de Hispania,"Hispania, escuela de español",Mo-Fr 08:45-20:00,,,,,,,,,,,,,,,,,,,,,,,,,,,,,,,,,,,,,,,,,,,,,,,,,,,,,,,relation,14731656.0,10,administrative,,Jaume Roig,Jaume Roig,,boundary,Q9011128,ca:Jaume Roig (barri de València),,,,
POINT (-0.3626966174453492 39.48163816378411),,16,46010,Carrer de Jaume Roig,school,Deutsche Schule Valencia,Col·legi Alemany de València,,private,Q821632,,,,,,,,,,Colegio Alemán de Valencia,,,,,,,,,,,,,,Q821632,,ca:Col·legi Alemany de València,,,,,,,,,,,,Deutsche Schule Valencia,,,,,,,,,,,,,,,,,,,,,,,,,relation,14731656.0,10,administrative,,Jaume Roig,Jaume Roig,,boundary,Q9011128,ca:Jaume Roig (barri de València),,,,
POINT (-0.3619805325305964 39.47246050175369),València,3,46010,Carrer de Galícia,school,Col·legi d'Educació Infantil i Primària Primer Marqués del Túria,Col·legi d'Educació Infantil i Primària Primer Marqués del Túria,CEIP Primer Marqués del Túria,public,,Generalitat Valenciana,,,,https://mestreacasa.gva.es/web/4601252500/primermarquesdelturia,,,,+34 962 56 63 00,Colegio de Educación Infantil y Primaria Primer Marqués del Turia,46012525@edu.gva.es,,,,,46012525,,,,,,,0;1,Q9088304,Q2477285,,,,,,,,,,,,,,,,,,,,,,,,,,,,,,,,,,,,,,relation,14731657.0,10,administrative,,Mestalla,Mestalla,,boundary,Q5645611,ca:Mestalla (barri de València),,,,
POINT (-0.3554306787797112 39.475135358056065),,56,,Avenida de Vicente Blasco Ibáñez,school,Colegio Guadalaviar,,,,Q5776909,,,,,,,,,,,,,,,,,,,,,,,,Q5776909,,es:Colegio Guadalaviar,,,,,,,,,,,,,,,,,,,,,,,,,,,,,,,,,,,,,relation,14731657.0,10,administrative,,Mestalla,Mestalla,,boundary,Q5645611,ca:Mestalla (barri de València),,,,
POINT (-0.3565625537106676 39.471556192124),,,,,school,Centre d'Educació Infantil i Primària Mestalla,,,public,Q108136216,Generalitat Valenciana,,,,,,,,,,,,,,,,,,,,,,,,Q2477285,,,,,,,,,,,,,,,,,,,,,,,,,,,,,,,,,,,,,,relation,14731657.0,10,administrative,,Mestalla,Mestalla,,boundary,Q5645611,ca:Mestalla (barri de València),,,,
POINT (-0.3575695012438294 39.468427398786034),,,,,school,Escola Municipal de Jardineria i Paisatge,,,public,,Ajuntament de València,,,,,,,,,,,,,,,,,,,,,,,,,,,,,,,,,,,,,,,,,,,,,,,,,,,,,,,,,,,,,,relation,14731657.0,10,administrative,,Mestalla,Mestalla,,boundary,Q5645611,ca:Mestalla (barri de València),,,,
POINT (-0.3609479 39.4762114),,26,46010,Carrer de les Arts Gràfiques,school,Colegio Aula 3,,,,,,,,,https://www.colegioaula3.es/,,,"Mo-Th 09:30-14:30, 16:30-18:00; Fr 09:30-14:00",+34 963 69 81 75,Colegio Aula 3,info@colegioaula3.es,,,,,,,,,,,,,,,,,,,,,,,,,,,,,,,,,,,,,,,,,,,,,,,,,,,,relation,14731658.0,10,administrative,,Exposició,Exposició,,boundary,Q10285105,ca:L'Exposició (barri de València),,,,
POINT (-0.3652094969681732 39.47666716088771),,,,,school,Colegio Sagrado Corazón Esclavas de Jesús,,,,,,,,,,,,,,,,,,,,,,,,,,,,,,,,,,,,,,,,,,,,,,,,,,,,,,,,,,,,,,,,,,,relation,14731658.0,10,administrative,,Exposició,Exposició,,boundary,Q10285105,ca:L'Exposició (barri de València),,,,
POINT (-0.3637139991810348 39.4762786430745),València,5,46010,Calle de Micer Mascó,school,Colegio San José de Calasanz,Col·legi Sant Josep de Calasanç,,,Q47493318,,,,,https://www.calasanz-valencia.com/,,,,+34 963 69 07 00,,colegio.calasanzval@escolapiosbetania.es,,,,,,,,roman_catholic,,christian,,,Q360589,,,,,,,,,,,,,,,,,,,,,+34 963 69 16 08,,,,1957-10-04,,,,,,,,,,,,,,relation,14731658.0,10,administrative,,Exposició,Exposició,,boundary,Q10285105,ca:L'Exposició (barri de València),,,,
POINT (-0.3962151548729288 39.453496103010295),València,23,,Carrer de Juan de Garay,school,Col·legi d'Educació Infantil i Primària IVAF - Luis Fortich,Col·legi d'Educació Infantil i Primària IVAF - Luis Fortich,CEIP IVAF - Luis Fortich,public,Q108135678,Diputació Provincial de València,,,,http://colegioluisfortich.dival.es/,,,,+34 963 88 30 23,Colegio de Educación Infantil y Primaria IVAF - Luis Fortich,,,,,,,,,,,,,,,,,,,,,,,,,,,,,,,,,,,,,,,,,,,,,,,,,,,,,relation,14731861.0,10,administrative,,Favara,Favara,,boundary,Q8960964,ca:Favara (barri de València),,,,
POINT (-0.3959605099578947 39.454421548520884),,,,,school,Institut d'Educació Secundària Juan de Garay,Institut d'Educació Secundària Juan de Garay,IES Juan de Garay,public,Q107165452,Generalitat Valenciana,,,,https://portal.edu.gva.es/iesjuandegaray/,,,,,Instituto de Educación Secundaria Juan de Garay,,,,,,,,,,,,,,Q441411,Q2477285,,,,,,,,,,,,,,,,,,,,,,,,,,,,,,,,,,,,,,relation,14731861.0,10,administrative,,Favara,Favara,,boundary,Q8960964,ca:Favara (barri de València),,,,
POINT (-0.3943268481498726 39.4513545965403),,,,,school,Col·legi d'Educació Infantil i Primària Santo Ángel de la Guarda,Col·legi d'Educació Infantil i Primària Santo Ángel de la Guarda,CEIP Santo Ángel de la Guarda,public,Q108135683,,,,,,,,,+34 961 20 55 25,Colegio de Educación Infantil y Primaria Santo Ángel de la Guarda,,,,,,46012252,,,,,,,,,,,,,,,,,fence,,,,,,,,,,,,,,,,,,,,,,,,,,,,,,relation,14731861.0,10,administrative,,Favara,Favara,,boundary,Q8960964,ca:Favara (barri de València),,,,
POINT (-0.3986099764535915 39.45724551776678),València,1,46014,Calle del Músico Gomis,school,Col·legi d'Educació Infantil i Primària Eliseo Vidal,Col·legi d'Educació Infantil i Primària Eliseo Vidal,CEIP Eliseo Vidal,public,Q108136088,Generalitat Valenciana,,,,,,,,,Colegio de Educación Infantil y Primaria Eliseo Vidal,,,,,,,,,,,,,,,Q2477285,,,,,,,,,,,,,,,,,,,,,,,,,,,,,,,,,,,,,,relation,14731862.0,10,administrative,,Safranar,Safranar,,boundary,Q611575,ca:Safranar,,,,
POINT (-0.394471378934242 39.459194778025505),,,,,school,Col·legi d'Educació Infantil i Primària Humanista Mariner,Col·legi d'Educació Infantil i Primària Humanista Mariner,CEIP Humanista Mariner,,Q108136466,,,,,,,,,,,,,,,,,,,,,,,,Q11705051,,,,,,,,,,,,,,,,,,,,,,,,,,,,,,,,,,,,,,,relation,14731862.0,10,administrative,,Safranar,Safranar,,boundary,Q611575,ca:Safranar,,,,
POINT (-0.3964845972941873 39.46075836586336),València,2,46014,Carrer de la Vall d'Uixó,school,"Institut d'Educació Secundària Patraix, Vicenta Ferrer Escrivá","Institut d'Educació Secundària Patraix, Vicenta Ferrer Escrivá","IES Patraix, Vicenta Ferrer Escrivá",,Q107147741,,,,,http://www.ceice.gva.es/es/web/centros-docentes/consulta-general?viewUrl162652993=/abc/i_guiadecentros/es/centro.asp&codi=46022944,,,,+34 961 20 62 95,"Instituto de Educación Secundaria Patraix, Vicenta Ferrer Escrivá",46022944@gva.es,,,,,46022944,,,,,,,,Q112114567,,,,,,,,,,,,,,,,,,,,,,,,,,,,,,,,,,,,,,,relation,14731862.0,10,administrative,,Safranar,Safranar,,boundary,Q611575,ca:Safranar,,,,
POINT (-0.4020188339848181 39.46111973881487),,,,,school,Col·legi d'Educació Infantil i Primària Ciudad de Bolonia,Col·legi d'Educació Infantil i Primària Ciudad de Bolonia,CEIP Ciudad de Bolonia,public,Q108136156,,,,,,,,,,Colegio de Educación Infantil y Primaria Ciudad de Bolonia,,,,,,,,,,,,,,Q1891,,,,,,,,,,,,,,,,,,,,,,,,,,,,,,,,,,,,,,,relation,14731863.0,10,administrative,,Vara de Quart,Vara de Quart,,boundary,Q5786167,ca:Vara de Quart,,,,
POINT (-0.4030365735895092 39.45465848372282),València,9,46014,Carrer de l'Arquitecte Segura de Lago,school,Col·legi d'Educació Infantil i Primària Nicolau Primitiu Gómez Serrano,Col·legi d'Educació Infantil i Primària Nicolau Primitiu Gómez Serrano,CEIP Nicolau Primitiu Gómez Serrano,public,Q108135815,,,,,,,,,,Colegio de Educación Infantil y Primaria Nicolau Primitiu Gómez Serrano,,,+34 962 56 60 70,http://mestreacasa.gva.es/web/4601485600,,46014856,,,,,,,,Q3340990,,,,,,,,,,,,,,,,,,,,,,,,,,,,,,,,,,,,,,,relation,14731864.0,10,administrative,,Sant Isidre,Sant Isidre,San Isidro,boundary,Q9073950,ca:Sant Isidre (barri de València),,,,
POINT (-0.4028960207191868 39.451904694856346),València,43,46014,Carrer de José Andreu Alabarta,school,Col·legi d'Educació Infantil i Primària Sant Isidre,Col·legi d'Educació Infantil i Primària Sant Isidre,CEIP Sant Isidre,public,Q108136465,,,,,,,,,+34 961205510,Colegio de Educación Infantil y Primaria Sant Isidre,,,,http://mestreacasa.gva.es/web/4602407200,,,,,,,,,,,,,,,,,,,,,,,,,,,,,,,,,,,,,,,,,,,,,,,,,relation,14731864.0,10,administrative,,Sant Isidre,Sant Isidre,San Isidro,boundary,Q9073950,ca:Sant Isidre (barri de València),,,,
POINT (-0.3931650176319391 39.46573806259409),,,,,school,Colegio Esclavas de María,,,,,,,,,,,,,,,,,,,,,,,,,,,,Q3615177,,,,,,,,,,,,,,,,,,,,,,,,,,,,,,,,,,,,,,,relation,14731865.0,10,administrative,,Patraix,Patraix,,boundary,Q55224,,,,,
POINT (-0.3896412192021834 39.45825016764202),,,,,school,Col·legi d'Educació Infantil i Primària Jesús,Col·legi d'Educació Infantil i Primària Jesús,CEIP Jesús,public,Q106437751,Generalitat Valenciana,,,,,,,,,,,,,,,,,,,,,,,,Q2477285,,,,,,,,,,,,,,,,,,,,,,,,,,,,,,,,,,,,,,relation,14731865.0,10,administrative,,Patraix,Patraix,,boundary,Q55224,,,,,
POINT (-0.3945775126199336 39.44305743495476),,,,,school,Col·legi d'Educació Infantil i Primària Professor Ramiro Jover,Col·legi d'Educació Infantil i Primària Professor Ramiro Jover,CEIP Professor Ramiro Jover,public,Q108136079,,,,,,,,,,Colegio de Educación Infantil y Primaria Profesor Ramiro Jover,,,,,,46017471,,,,,,,,,,,,,,,,,,,,,,,,,,,,,,,,,,,,,,,,,,,,,,,relation,14766981.0,10,administrative,,Camí Real,Camí Real,,boundary,Q8261292,ca:Camí Real (barri de València),,,,
POINT (-0.3916461065468202 39.44057219717784),,,,,school,Institut d'Educació Secundària Joanot Martorell,Institut d'Educació Secundària Joanot Martorell,IES Joanot Martorell,public,Q107182444,Generalitat Valenciana,,,,,,,,,,,,,,,46012999,,,,,,,,,Q2477285,,,,,,,,,,,,,,,,,,,,,,,,,,,,,,,,,,,,,,relation,14766981.0,10,administrative,,Camí Real,Camí Real,,boundary,Q8261292,ca:Camí Real (barri de València),,,,
POINT (-0.3870000751544472 39.439958477713546),,,,,school,Col·legi d'Educació Especial Profesor Sebastián Burgos,,CEE Profesor Sebastián Burgos,,,,,,,,,,,,,,,,,,46016245,,,,,,,,,,,,,,,,,,,,,,,,,,,,,,,,,,,,,,,,,,,,,,,relation,14766981.0,10,administrative,,Camí Real,Camí Real,,boundary,Q8261292,ca:Camí Real (barri de València),,,,
POINT (-0.3912027 39.4448785),,,,,school,Salgui,,,,,,,,,,,,,,,,,,,,,,,,,,,,,,,,,,,,,,,,,,,,,,,,,,,,,,,,,,,,,,,,,,,relation,14766982.0,10,administrative,,Sant Marcel·lí,Sant Marcel·lí,,boundary,Q55231,ca:Sant Marcel·lí (barri de València),,,,
POINT (-0.3920044342094745 39.44588268015831),,,,,school,Col·legi d'Educació Infantil i Primària Sara Fernández,Col·legi d'Educació Infantil i Primària Sara Fernández,CEIP Sara Fernández,public,Q108135788,,,,,,,,,,Colegio de Educación Infantil y Primaria Sara Fernández,,,,,,,,,,,,,,,,,,,,,,,wall,,,,,,,,,,,,,,,,,,,,,,,,,,,,,,relation,14766982.0,10,administrative,,Sant Marcel·lí,Sant Marcel·lí,,boundary,Q55231,ca:Sant Marcel·lí (barri de València),,,,
POINT (-0.391397209457398 39.44331817215804),,,,,school,Colegio Parroquial De San Marcelino,,,,,,,,,,,,,,,,,,,,,,,,,,,,,,,,,,,,,,,,,,,,,,,,,,,,,,,,,,,,,,,,,,,relation,14766982.0,10,administrative,,Sant Marcel·lí,Sant Marcel·lí,,boundary,Q55231,ca:Sant Marcel·lí (barri de València),,,,
POINT (-0.388716871712009 39.445075646728185),,,,,school,Col·legi d'Educació Infantil i Primària Fausto Martínez,Col·legi d'Educació Infantil i Primària Fausto Martínez,CEIP Fausto Martínez,public,Q108135786,,,,,,,,,,Colegio de Educación Infantil y Primaria Fausto Martínez,,,,,,,,,,,,,,,,,,,,,,,wall,,,,,,,,,,,,,,,,,,,,,,,,,,,,,,relation,14766982.0,10,administrative,,Sant Marcel·lí,Sant Marcel·lí,,boundary,Q55231,ca:Sant Marcel·lí (barri de València),,,,
POINT (-0.3869335 39.4522294),,,,,school,Colegio Luis de Santángel,,,,,,,,,,,,,,,,,,,,,,,,,,,,,,,,,,,,,,,,,,,,,,,,,,,,,,,,,,,,,,,,,,,relation,14766983.0,10,administrative,,la Creu Coberta,la Creu Coberta,,boundary,Q11687626,ca:La Creu Coberta,,,,
POINT (-0.3935357523825986 39.449742165524796),,,,,school,Col·legi d'Educació Infantil i Primària Tomás de Villarroya,,CEIP Tomás de Villarroya,public,Q108135950,Generalitat Valenciana,,,,,,,,,Colegio de Educación Infantil y Primaria Tomás de Villarroya,,,,,,46015873,,,,,,,,Q3531438,Q2477285,,,,,,,,,,,,,,,,,,,,,,,,,,,,,,,,,,,,,,relation,14766984.0,10,administrative,,l'Hort de Senabre,l'Hort de Senabre,,boundary,Q9018191,ca:L'Hort de Senabre,,,,
POINT (-0.3901464581020996 39.450170442914356),,,,,school,Col·legi d'Educació Infantil i Primària José Soto Micó,,CEIP José Soto Micó,public,Q107182443,,,,,,,,,,Colegio de Educación Infantil y Primaria José Soto Micó,,,,,,,,,,,,,,,,,,,,,,,,,,,,,,,,,,,,,,,,,,,,,,,,,,,,,relation,14766984.0,10,administrative,,l'Hort de Senabre,l'Hort de Senabre,,boundary,Q9018191,ca:L'Hort de Senabre,,,,
POINT (-0.3910890892061052 39.45443670148671),,,,,school,Colegio Oller,,,,,,,survey,,,,,,,,,,,,,,,,,,,,,,,,,,,,,,,,,,,,,,,,,,,,,,,,,,,,,,,,,,,,relation,14766984.0,10,administrative,,l'Hort de Senabre,l'Hort de Senabre,,boundary,Q9018191,ca:L'Hort de Senabre,,,,
POINT (-0.3617514786109243 39.45025548306766),València,2,46013,Carrer de Blas Gámez Ortiz (subinspector),school,Col·legi d'Educació Infantil i Primària Les Arts,Col·legi d'Educació Infantil i Primària Les Arts,CEIP Les Arts,public,Q108135767,Generalitat Valenciana,,,,https://portal.edu.gva.es/ceiplesarts/,,,,+34 962 56 67 50,Colegio de Educación Infantil y Primaria Les Arts,,,,,,,,,,,none,,0;1,,Q2477285,,,,,,,,,,,,,,,,2,,,,,,,,,,,,,,,,,,,,,,relation,14785200.0,10,administrative,,Ciutat de les Arts i de les Ciències,Ciutat de les Arts i de les Ciències,Ciudad de las Artes y las Ciencias,boundary,Q6411880,ca:Ciutat de les Arts i les Ciències (barri de València),,,,
POINT (-0.3649774932298917 39.44476642126914),,,,,school,Col·legi d'Educació Infantil i Primària La Fonteta,Col·legi d'Educació Infantil i Primària La Fonteta,CEIP La Fonteta,public,Q108135792,Generalitat Valenciana,,,,https://portal.edu.gva.es/lafonteta/,,,,+34 962 56 66 70,Colegio de Educación Infantil y Primaria La Fonteta,,,,,,,,,,,,,,,Q2477285,,,,,,,,,,,,,,,,,,,,,,,,,,,,,,,,,,,,,,relation,14785201.0,10,administrative,,la Punta,la Punta,,boundary,Q585354,ca:La Punta (València),,,,
POINT (-0.3393253129233503 39.4469105334488),València,67,46024,Carretera del Riu,school,Centro Concertado de Enseñanza Santa Magdalena Sofía,,,,,,,,,,,,,,,,,,,,,,,,,,,,,,,,,,,,,,,,,,,,,,,,,,,,,,,,,,,,,,,,,,,relation,14785201.0,10,administrative,,la Punta,la Punta,,boundary,Q585354,ca:La Punta (València),,,,
POINT (-0.3611937769758954 39.45556708108232),,,,,school,Col·legi Magisteri espanyol,Col·legi Magisteri espanyol,,,,,,,,,,,,,Colegio Magisterio Español,,,,,,,,,,,,,,,,,,,,,,,,,,,,,,,,,,,,,,,,,,,,,,,,,,,,,relation,14785202.0,10,administrative,,Na Rovella,Na Rovella,,boundary,Q9048373,ca:Na Rovella,,,,
POINT (-0.3698618773531853 39.452674680202655),,10,,Avenida de la Plata,school,Colegio Salesianos - San Juan Bosco,,,religious,,,,,,,,,,,,,,,,,,,,,,,,,,,,,,,,,,,,,,,,,,,,,,,,,,,,,,,,,,,,,,,,relation,14785202.0,10,administrative,,Na Rovella,Na Rovella,,boundary,Q9048373,ca:Na Rovella,,,,
POINT (-0.3643446491706099 39.45424788807281),,25,,Avinguda dels Germans Maristes,school,Institut d'Educació Secundària Font de Sant Lluís,,IES Font de Sant Lluís,public,Q107167987,Generalitat Valenciana,,,,https://portal.edu.gva.es/iesfontdesantlluis/,,,,+34 961206065,,46014224@edu.gva.es,,,,,46019404,,,,,,,2;3;5,Q284154,Q2477285,,,,,,,,,,,,,,,,,,,,,,,,,,,,,,,,,,,,,,relation,14785202.0,10,administrative,,Na Rovella,Na Rovella,,boundary,Q9048373,ca:Na Rovella,,,,
POINT (-0.363541659247521 39.45284607776805),,24,,Avinguda de l'Alcalde Gisbert Rico,school,Institut d'Educació Secundària Jordi de Sant Jordi,,IES Jordi de Sant Jordi,public,Q107182441,Generalitat Valenciana,,,,https://portal.edu.gva.es/46012951/,,,,,,46012951@edu.gva.es,,,,,46012951,,,,,,,,Q284154,Q2477285,,,,,,,,,,,,,,,,,,,,,,,,,,,,,,,,,,,,,,relation,14785202.0,10,administrative,,Na Rovella,Na Rovella,,boundary,Q9048373,ca:Na Rovella,,,,
POINT (-0.3653821491936293 39.45408238165261),València,7,46013,Calle del Bombero Ramón Duart,school,Escuela Infantil Quatre Carreres,,,,,,,http://www.ayto-valencia.es/ayuntamiento/infociudad_accesible.nsf/vDocumentosWebListado/E50461FB03C8E8A4C12579EC0034802B?OpenDocument&lang=1&nivel=2_5&bdOrigen=ayuntamiento/atencion_ciudadano.nsf&idApoyo=&irAutobus=1,,,,,,+34960910028,,,,,,,,,,,,,,,,,,,,,,,,,,,,,,,,,,,,,,,,,,,,,,,,,,,,,,relation,14785202.0,10,administrative,,Na Rovella,Na Rovella,,boundary,Q9048373,ca:Na Rovella,,,,
POINT (-0.3776791 39.4511587),València,46,46026,Carrer Bernat Descoll,school,"Centre Privat d'Educació Infantil, Primària i Secundària Martí Sorolla",,,cooperative,,Cooperativa Martí-Sorolla,,,,https://www.colegiojardin.es/,,,,,,,,,,,,,,,,,,,,,,,,,,,,,,,,,,,,,,,,,,,,,,,,,,,,,,,,,,relation,14785203.0,10,administrative,,Malilla,Malilla,,boundary,Q9027164,ca:Malilla,,,,
POINT (-0.3754011491460111 39.450651427100134),,36,,Carrer Enginyer Joaquín Benlloch,school,Col·legi d'Educació Infantil i Primària Pablo Neruda,Col·legi d'Educació Infantil i Primària Pablo Neruda,CEIP Pablo Neruda,public,Q108136076,Generalitat Valenciana,,,,https://mestreacasa.gva.es/web/colegio-pablo-neruda-valencia,Col·legi Públic Pablo Neruda,,,,Colegio de Educación Infantil y Primaria Pablo Neruda,,46017468@gva.es,+34 963739766,,,46017468,,,,,,,,Q34189,Q2477285,,,,,,,,,,,,,,,,,,,,,,,,,,,,,,,,,,,,,,relation,14785203.0,10,administrative,,Malilla,Malilla,,boundary,Q9027164,ca:Malilla,,,,
POINT (-0.3789042577631861 39.45483111334501),,,,,school,Colegio Rafael Mateu Cámara,,,,Q108135946,,,,,,,,,,,,,,,,46015800,,,,,,,,,,,,,,,,,,,,,,,,,,,,,,,,,,,,,,,,,,,,,,,relation,14785203.0,10,administrative,,Malilla,Malilla,,boundary,Q9027164,ca:Malilla,,,,
POINT (-0.3801904508008419 39.45218241507535),,,,Carrer de Bernat Morales Sanmartín,school,Institut d'Educació Secundària Malilla,Institut d'Educació Secundària Malilla,IES Malilla,,Q107182442,,,,,http://iesmalilla.edu.gva.es,,,,,,,,,,,,,,,,,,,,,,,,,,,,,,,,,,,,,,,,,,,,,,,,,,,,,,,,,,relation,14785203.0,10,administrative,,Malilla,Malilla,,boundary,Q9027164,ca:Malilla,,,,
POINT (-0.3757597769693448 39.45332087403577),València,33,46006,Carrer de Joaquín Benlloch,school,Col·legi d'Educació Infantil i Primària Fernando de los Ríos,Col·legi d'Educació Infantil i Primària Fernando de los Ríos,,public,,Ajuntament de València,,,,https://educacio-valencia.es/es/colegio-municipal-fernando-de-los-rios/,,,,,,,,,,,,,,,,,,,Q3742984,,,,,,,,,,,,,,,,,,,,,,,,,,,,,,,,,,,,,,,relation,14785203.0,10,administrative,,Malilla,Malilla,,boundary,Q9027164,ca:Malilla,,,,
POINT (-0.3609001441384657 39.46053328115091),València,3,46006,Plaça del Parc de Montolivet,school,Col·legi d'Educació Infantil i Primària Montolivet,,,public,Q108135680,Generalitat Valenciana,,,,https://portal.edu.gva.es/ceipmontolivet/,,,,+34 962 56 67 00,,,,,,,46012227,,,,,none,,0;1,,Q2477285,,,,,,,,,,,,,,,,3,,,,,,,,,,,,,,,,,,,,,,relation,14785205.0,10,administrative,,Montolivet,Montolivet,,boundary,Q11693518,ca:Montolivet (barri de València),,,,
POINT (-0.3323464325274599 39.4498391294451),València,3,46024,Carrer del Parc de Natzaret,school,Col·legi d'Educació Infantil i Primària Ausiàs March,Col·legi d'Educació Infantil i Primària Ausiàs March,,public,Q108135693,Generalitat Valenciana,,,,https://portal.edu.gva.es/ceipausiasmarchvalencia/,,,,,Colegio de Educación Infantil y Primaria Ausiàs March,,,,,,,,,,,none,,0;1,Q465675,Q2477285,,,,,,,,,,,,,,,,3,,,,,,,,,,,,,,,,,,,,,,relation,14876878.0,10,administrative,,Natzaret,Natzaret,,boundary,Q11695197,ca:Natzaret (barri de València),,,Llatzaret o el Bol Major,
POINT (-0.3349545729000327 39.445081936876534),València,74,46024,Camí de la Punta a la Mar,school,Col·legi d'Educació Infantil i Primària Juan Manuel Montoya,Col·legi d'Educació Infantil i Primària Juan Manuel Montoya,Juan Manuel Montoya,public,Q108136031,Generalitat Valenciana,,,,https://portal.edu.gva.es/ceipjuanmanuelmontoya/,,,,+34 961 20 54 85,,,,,,,46016555,,,,,none,,0;1,,Q2477285,,,,,,,,,Colegio Vicente Hervás,,,,,,,3,,,,,,,,,,,,,,,,,,,,,,relation,14876878.0,10,administrative,,Natzaret,Natzaret,,boundary,Q11695197,ca:Natzaret (barri de València),,,Llatzaret o el Bol Major,
POINT (-0.3372407711145778 39.471979410028034),València,171,46022,Avinguda de Blasco Ibáñez,school,Col·legi d'Educació Infantil i Primària Mare Nostrum,Col·legi d'Educació Infantil i Primària Mare Nostrum,CEIP Mare Nostrum,,Q108136454,,,http://www.valencia.es/ayuntamiento/Infociudad_accesible.nsf/vDocumentosWebListado/9AE65294199A2620C12572C20023E1E1?OpenDocument&bdOrigen=,,https://cpmarenostrum.es/,,,,+34 961205560,Colegio de Educación Infantil y Primaria Mare Nostrum,46023900@edu.gva.es,,,,,46023900,,,,,,,,,,,,,,,,,,,,,,,,,,,,,+34 963728684,,,,,,,,,,,,,,,,,,relation,14876879.0,10,administrative,,Beteró,Beteró,,boundary,Q8247202,ca:Beteró,,,,
POINT (-0.3371680335628528 39.46937244355615),València,17,46022,Plaça del Professor Santiago Grisolía,school,Col·legi d'Educació Infantil i Primària San Pedro,Col·legi d'Educació Infantil i Primària San Pedro,CEIP San Pedro,public,Q108135700,Generalitat Valenciana,,,,https://mestreacasa.gva.es/web/ceipsanpedro/,,,,+34 962 566 350,,,,,,,46012631,,,,,,,0;1,,Q2477285,,,,,,,,,,,,,,,,,,,,,,,,,,,,,València,Valencia,Plaça del Professor Santiago Grisolía,Plaza del Profesor Santiago Grisolía,,,,,,relation,14876879.0,10,administrative,,Beteró,Beteró,,boundary,Q8247202,ca:Beteró,,,,
POINT (-0.3360384787112256 39.474260414546066),València,,46022,Carrer d'Amadís de Gaula,school,Centre d'Educació Infantil i Primària Nuestra Señora del Carmen,,,public,Q108135695,Generalitat Valenciana,,,,,,,,,,,,,,,,,,,,,,,,Q2477285,,,,,,,,,,,,,,,,,,,,,,,,,,,,,,,,,,,,,,relation,14876879.0,10,administrative,,Beteró,Beteró,,boundary,Q8247202,ca:Beteró,,,,
POINT (-0.336048036440253 39.474926199690124),València,14,46022,Carrer de Campillo de Altobuey,school,Centre Privat d'Educació Infantil de Primer Cicle Beteró. Passet a passet,,,private,,"Passe a passet caminem plegats, Cooperativa valenciana",,,,,,,,,,,,,,,,,,,0-6,,,,,,,,,,,,,,,,,,,,,,,,,,,,,,,,,,,,,,,,,,,relation,14876879.0,10,administrative,,Beteró,Beteró,,boundary,Q8247202,ca:Beteró,,,,
POINT (-0.3299964675163827 39.48187177340551),,15,,Calle Gran Canaria,school,Escuelas Pías - Malvarrosa,,,,,,,,,,,,,,,,,,,,,,,,,,,,,,,,,,,,,,,,,,,,,,,,,,,,,,,,,,,,,,,,,,,relation,14876880.0,10,administrative,,la Malva-rosa,la Malva-rosa,,boundary,Q11690389,ca:La Malva-rosa,,,,
POINT (-0.3253471149796637 39.477882394324894),,4,,Carrer d'Isabel de Villena,school,Institut d'Educació Secundària Isabel de Villena,Institut d'Educació Secundària Isabel de Villena,IES Isabel de Villena,,,,,,,,,,,,Instituto de Educación Secundaria Isabel de Villena,,,,,,46013086,,,,,,,,,,,,,,,,,,,,,,,,,,,,,,,,,,,,,,,,,,,,,,,relation,14876880.0,10,administrative,,la Malva-rosa,la Malva-rosa,,boundary,Q11690389,ca:La Malva-rosa,,,,
POINT (-0.3254063217914026 39.480343575790975),,6,,Calle de Isabel de Villena,school,Col·legi d'Educació Infantil i Primària Vicent Blasco Ibáñez,Col·legi d'Educació Infantil i Primària Vicent Blasco Ibáñez,,,,,,,,,,,,,,,,,,,,,,,,,,,,,,,,,,,,,,,,,,,,,,,,,,,,,,,,,,,,,,,,,,relation,14876880.0,10,administrative,,la Malva-rosa,la Malva-rosa,,boundary,Q11690389,ca:La Malva-rosa,,,,
POINT (-0.3286041985391283 39.47925482477343),València,57,46011,Avinguda de la Malva-rosa,school,Col·legi d'Educació Infantil i Primària Ballester Fandos,,CP Ballester Fandos,,Q108135694,,,,,,,,,,Colegio de Educación Infantil y Primária Ballester Fandos,,,,,,,,,,,,,,,,,,,,,,,,,,,,,,,,,,,,,,,,,,,,,,,,,,,,,relation,14876880.0,10,administrative,,la Malva-rosa,la Malva-rosa,,boundary,Q11690389,ca:La Malva-rosa,,,,
POINT (-0.3289517125190176 39.48125977823958),,,,,school,Col·legi d'Educació Infantil i Primària Malva-rosa,Col·legi d'Educació Infantil i Primària Malva-rosa,CEIP Malva-rosa,,Q108135674,,,,,,,,,,Colegio de Educacion Infantil y Primaria Malvarrosa,,,,,,,,,,,,,,,,,,,,,,,,,,,,,,,,,,,,,,,,,,,,,,,,,,,,,relation,14876880.0,10,administrative,,la Malva-rosa,la Malva-rosa,,boundary,Q11690389,ca:La Malva-rosa,,,,
POINT (-0.3269668765147714 39.47555383013132),València,2,,Avinguda de la Malva-rosa,school,Col·legi d'Educació Infantil i Primària Cavite Isla de Hierro,Col·legi d'Educació Infantil i Primària Cavite Isla de Hierro,CEIP Cavite Isla de Hierro,public,Q108135765,Generalitat Valenciana,,,,https://portal.edu.gva.es/ceipcaviteisladehierro/,,,,+34 962 56 66 30,,,,,,,,,,,,,,0;1,,Q2477285,,,,,,,,,,,,,,,,2,,,,,,,,,,,,,,,,,,,,,,relation,14876880.0,10,administrative,,la Malva-rosa,la Malva-rosa,,boundary,Q11690389,ca:La Malva-rosa,,,,
POINT (-0.3320338 39.4658223),València,25,46011,Carrer d'En Vicent Gallart (Arciprest),school,Colegio Pureza de María-Grao,,,,,,,,,https://pmariagrao.org/,,,,+34 96 371 23 11 ·,,,,,,,,,,catholic,Infantil-Primaria-Secundaria-Bachillerato,christian,,,,,,,,,,,,,,,,,,,,,,,,,,,,,,,,,,,,,,,,,,relation,14876881.0,10,administrative,,el Cabanyal - el Canyamelar,el Cabanyal - Canyamelar,Cabañal - Cañamelar,boundary,Q5015234,ca:Cabanyal-Canyamelar,,,,
POINT (-0.3322110113494227 39.462387207642074),,,,,school,Institut d'Educació Secundària El Grao,Institut d'Educació Secundària El Grao,IES El Grao,public,Q107147740,,,,,,,,,,Instituto de Educación Secundaria El Grao,,,,,,46020236,,,,,,,,,,,,,,,,,,,,,,,,,,,,,,,,,,,,,,,,,,,,,,,relation,14876882.0,10,administrative,,el Grau,el Grau,El Grao,boundary,Q3078478,ca:El Grau de València,,,,
POINT (-0.335875197832205 39.458341510361016),,,,,school,Col·legi d'Educació Infantil i Primària San José de Calasanz,Col·legi d'Educació Infantil i Primària San José de Calasanz,CEIP San José de Calasanz,public,Q108135698,Generalitat Valenciana,,,,,,,,,Colegio de Educación Infantil y Primaria San José de Calasanz,,,,,,46012628,,,,,,,,,Q2477285,,,,,,,,,,,,,,,,,,,,,,,,,,,,,,,,,,,,,,relation,14876882.0,10,administrative,,el Grau,el Grau,El Grao,boundary,Q3078478,ca:El Grau de València,,,,
POINT (-0.3339956039505455 39.46197068661088),,,,,school,Colegio La Purísima Grao,,,,,,,,,,,,,,,,,,,,,,,,,,,,,,,,,,,,,,,,,,,,,,,,,,,,,,,,,,,,,,,,,,,relation,14876882.0,10,administrative,,el Grau,el Grau,El Grao,boundary,Q3078478,ca:El Grau de València,,,,
POINT (-0.4125739006375717 39.50068856576913),València - Benimàmet,56,,Carrer de Rafael Tenes Escrich,school,Col·legi d'Educació Infantil i Primària Benimàmet,Col·legi d'Educació Infantil i Primària Benimàmet,,public,Q108135670,Generalitat Valenciana,,,,https://portal.edu.gva.es/ceipbenimamet/,,,,+34 962 56 64 10,,,,,,,,,,,,none,,0;1,,Q2477285,,,,,,,,,,,,,,,,3,,,,,,,,,,,,,,,,,,,,,,relation,14877586.0,10,administrative,,Benimàmet,Benimàmet,,boundary,Q4888020,ca:Benimàmet,,,,
POINT (-0.4238573525543552 39.500620871663564),,57,46035,Calle Campamento,school,Colegio el Ave María,,,,,,,,,https://elavemaria.es/,,,,+34963643811,,,,,,,,,,,,,,,,,,,,,,,,,,,,,,,,,,,,,,,,,,,,,,,,,,,,,,relation,14877586.0,10,administrative,,Benimàmet,Benimàmet,,boundary,Q4888020,ca:Benimàmet,,,,
POINT (-0.4240706244034971 39.50426252210518),Benimàmet,,46035,Carrer de Cullera,school,Institut d'Educació Secundària Benimàmet,Institut d'Educació Secundària Benimàmet,IES Benimàmet,,,,,,,http://iesbenimamet.edu.gva.es/,,,,,,,,,,,,,,,,,,,,,,,,,,,,,,,,,,,,,,,,,,,,,ES,,,,,,,,,,,,,relation,14877586.0,10,administrative,,Benimàmet,Benimàmet,,boundary,Q4888020,ca:Benimàmet,,,,
POINT (-0.3994857724067736 39.496193743689446),,,46015,Calle Doctor Nicasio Benlloch,school,Institut d'Educació Secundària Benicalap,Institut d'Educació Secundària Benicalap,IES Benicalap,,Q107092270,,,,,,,,,,Instituto de Edicación Secundaria Benicalap,,,,,,46036414,,,,,,,,,,,,,,,,,,,,,,,,,,,,,,,,,,,,,,,,,,,,,,,relation,14877587.0,10,administrative,,Beniferri,Beniferri,,boundary,Q8246326,ca:Beniferri,,,,
POINT (-0.3987700913081464 39.494628721553426),,,,,school,Col·legi d'Educació Infantil i Primària Lluís Guarner,Col·legi d'Educació Infantil i Primària Lluís Guarner,CEIP Lluís Guarner,,Q108136177,,,,,,,,,,,,,,,,,,,,,,,,Q3257556,,,,,,,,,,,,,,,,,,,,2023-09-11,,,,,,,,,,,,,,,,,,,relation,14877588.0,10,administrative,,Benicalap,Benicalap,,boundary,Q5725686,,,,,
POINT (-0.3906788285299431 39.4914286805664),,,,,school,Col·legi d'Educació Infantil i Primària Salvador Tuset,,CEIP Salvador Tuset,,Q108135769,,,,,,,,,,,,,,,,,,,,,,,,,,,,,,,,,,,,,,,,,,,,,,,,,,,,,,,,,,,,,,,relation,14877588.0,10,administrative,,Benicalap,Benicalap,,boundary,Q5725686,,,,,
POINT (-0.3903747781555146 39.49111483458451),,,,,school,Colegio Diocesano San Roque,,,,,,,,,,,,,,,,,,,,,,,,,,,,,,,,,,,,,,,,,,,,,,,,,,,,,,,,,,,,,,,,,,,relation,14877588.0,10,administrative,,Benicalap,Benicalap,,boundary,Q5725686,,,,,
POINT (-0.3914437151396652 39.49094461263561),,,,,school,Centro Concertado de Enseñanza Nuestra Señora del Carmen y San Vicente de Paúl,,,,,,,,,,,,,,,,,,,,,,,,,,,,,,,,,,,,,,,,,,,,,,,,,,,,,,,,,,,,,,,,,,,relation,14877588.0,10,administrative,,Benicalap,Benicalap,,boundary,Q5725686,,,,,
POINT (-0.3933895255461138 39.499494672533515),València,,46025,Plaça de Regino Mas,school,Col·legi d'Educació Infantil i Primària Ciudat Artista Faller,,CEIP Ciutat Artista Faller,,Q108135770,,,,,,,,,,Colegio de Educación Infantil y Primaria Ciutat Artista Faller,,,,,,,,,,,,,,,,,,,yes,,,,,,,,,,,,,,,,,,,,,,,,,,,,,,,,,,relation,14877589.0,10,administrative,,Ciutat Fallera,Ciutat Fallera,,boundary,Q8346553,ca:Ciutat de l'Artista Faller,,Ciutat de l'Artista Faller,,Ciutat de l'Artista Faller
POINT (-0.3989855052969047 39.49737504451926),,,,,school,Colegio Argos,,,,,,,,,,,,,,,,,,,,,,,,,,,,,,,,,,,,,,,,,,,,,,,,,,,,,,,,,,,,,,,,,,,relation,14877589.0,10,administrative,,Ciutat Fallera,Ciutat Fallera,,boundary,Q8346553,ca:Ciutat de l'Artista Faller,,Ciutat de l'Artista Faller,,Ciutat de l'Artista Faller
POINT (-0.3539322978831563 39.467566443690274),València,51,46021,Avinguda del Port,school,Parque Colegio Santa Ana,Parc Col·legi Santa Anna,,private,,https://www.pcsantaana.com/,,,,https://www.pcsantaana.com/,,,,+34 963 69 06 74,Colegio Santa Ana,secretaria@pcsantaana.com,,,,,46011508,,,,0-12,,,0;1;2;3,Q164294,,,,,,,,,,,,,,,,,,,,,,,,,,,,,,,,,,,,,,,relation,14891694.0,10,administrative,,Albors,Albors,,boundary,Q586053,ca:Albors,,,,
POINT (-0.3514547933975107 39.46897706208074),València,30,46021,Carrer de la Pobla de Farnals,school,Col·legi d'Educació Infantil i Primària Angelina Carnicer,Col·legi d'Educació Infantil i Primària Angelina Carnicer,,,Q108135944,,,,,https://ampaangelinacarnicer.blogspot.com/,,,,,Colegio de Educación Infantil y Primária Angelina Carnicer,,,,,,,,,,,,,,Q112177047,,,,,,,,,,,,,,,,,,,,,,,,,,,,,,,,,,,,,,,relation,14891694.0,10,administrative,,Albors,Albors,,boundary,Q586053,ca:Albors,,,,
POINT (-0.3443538807081847 39.45958226573725),València,62,46023,Avinguda de Balears,school,Institut d'Educació Secundària Districte Marítim,Institut d'Educació Secundària Districte Marítim,,public,Q107153623,Generalitat Valenciana,,,,,,,,,Instituto de Educación Secundaria Distrito Marítimo,,,,,,46015708,,,,,,,,,Q2477285,,,,,,,,,,,,,,,,,,,,,,,,,,,,,,,,,,,,,,relation,14891695.0,10,administrative,,Penya-roja,Penya-roja,,boundary,Q9058101,ca:Penya-roja (barri de València),,,,
POINT (-0.3543624563553601 39.46130878414391),València,3,46023,Avinguda de França,school,Col·legi Ave María de Penya-Roja,Col·legi Ave María de Penya-Roja,,,,,,http://www.valencia.es/ayuntamiento/Infociudad_accesible.nsf/vDocumentosWebListadov/D50BEC49B0E459ABC12572C20023DBF2?OpenDocument&lang=2,,https://www.colavem.es/,,,,,Colegio Ave María de Penya-Roja,,,,,,,,,,,,,,,,,,,,,,,,,,,,,,,,,,,,,,,,,,,,,,,,,,,,,relation,14891695.0,10,administrative,,Penya-roja,Penya-roja,,boundary,Q9058101,ca:Penya-roja (barri de València),,,,
POINT (-0.3517725840619811 39.46130907749296),,,,,school,Col·legi d'Educació Infantil i Primària Tomás de Montañana,Col·legi d'Educació Infantil i Primària Tomás de Montañana,,,Q108136570,,,,,,,,,,Colegio de Educación Infantil y Primaria Tomás de Montañana,,,,,,46026421,,,,,,,,,,,,,,,,,,,,,,,,,,,,,,,,,,,,,,,,,,,,,,,relation,14891695.0,10,administrative,,Penya-roja,Penya-roja,,boundary,Q9058101,ca:Penya-roja (barri de València),,,,
POINT (-0.3422654567092226 39.45592318237482),,27,46023,Carrer de Luis García-Berlanga Martí,school,Col·legi d'Educació Infantil i Primària L'Albereda,Col·legi d'Educació Infantil i Primària L'Albereda,CEIP L'Albereda,public,Q106463289,Generalitat Valenciana,,,,https://portal.edu.gva.es/ceiplalbereda/,,,,+34 962 566 220,,46031349@gva.es,,,,,46031349,,,,,,,,,Q2477285,,,,,,,,,Col·legi d'Educació Infantil i Primària Número 103,,,,,,,,,,,,,,,,,,,,,,,,,,,,,relation,14891695.0,10,administrative,,Penya-roja,Penya-roja,,boundary,Q9058101,ca:Penya-roja (barri de València),,,,
POINT (-0.341262268840183 39.45868940493433),,,,,school,Institut d'Educació Secundària Balears,,,public,Q107154121,Generalitat Valenciana,,,,,,,,,,,,,,,,,,,,,,,,Q2477285,,,,,,,,,,,,,,,,,,,,,,,,,,,,,,,,,,,,,,relation,14891697.0,10,administrative,,la Creu del Grau,la Creu del Grau,,boundary,Q5575779,ca:La Creu del Grau,,,,
POINT (-0.3420504809974029 39.45884052511765),,,,,school,Col·legi d'Educació Infantil i Primària El Grau,Col·legi d'Educació Infantil i Primària El Grau,,public,Q108135677,Generalitat Valenciana,,,,,,,,,,,,,,,,,,,,,,,,Q2477285,,,,,,,,,,,,,,,,,,,,,,,,,,,,,,,,,,,,,,relation,14891697.0,10,administrative,,la Creu del Grau,la Creu del Grau,,boundary,Q5575779,ca:La Creu del Grau,,,,
POINT (-0.3426808005190938 39.46168361979455),,,46023,Carrer de Rodrigo de Pertegàs,school,Col·legi Trafalgar,Col·legi Trafalgar,,,,,,,,,,,,,Colegio Trafalgar,,,,,,,,,,,,,,,,,,,,,,,,,,,,,,,,,,,,,,,,,,,,,,,,,,,,,relation,14891697.0,10,administrative,,la Creu del Grau,la Creu del Grau,,boundary,Q5575779,ca:La Creu del Grau,,,,
POINT (-0.3392687059748731 39.46649256503535),València,136,46022,Calle Santos Justo y Pastor,school,Col·legi d'Educació Primària Aiora,Col·legi d'Educació Primària Aiora,CEP Aiora,public,,Generalitat Valenciana,,,,http://www.ceice.gva.es/es/web/centros-docentes/consulta-general?viewUrl162652993=/abc/i_guiadecentros/es/centro.asp&codi=46023882,Centre Educatiu Públic Aiora,,,,Colegio de Educción Primaria Aiora,,,,,,,,,,,,,,,Q2477285,,,,,Centre Educatiu Públic Aiora,Centro Educativo Público Aiora,,,,,,,,,,,,,,,,,,,,,,,,,,,,,,,,relation,14891698.0,10,administrative,,Aiora,Aiora,,boundary,Q3815985,ca:Aiora (barri de València),,,,
POINT (-0.3457142682346548 39.46815811809417),,,,,school,Col·legi Antonio García López,Col·legi Antonio García López,,,Q108135963,,,,,,,,,,Colegio Antonio García López,,,,,,46016051,,,,,,,,,,,,,,,,,,,,,,,,,,,,,,,,,,,,,,,,,,,,,,,relation,14891698.0,10,administrative,,Aiora,Aiora,,boundary,Q3815985,ca:Aiora (barri de València),,,,
POINT (-0.3447316399315703 39.46405692085522),València,2,46022,Carrer de la Conserva,school,Colegio concertado La Anunciación,,,,,,,,,https://www.anunciacionval.com/,,,,,,,,,,,,,,,,,,,,,,,,,,,,,,,,,,,,,,,,,,,,,,,,,,,,,,,,,,relation,14891698.0,10,administrative,,Aiora,Aiora,,boundary,Q3815985,ca:Aiora (barri de València),,,,
POINT (-0.3416476463069175 39.4661617220716),València,21,46022,Carrer de Jeroni de Montsoriu,school,Col·legi d'Educació Infantil i Primària Jaume I,Col·legi d'Educació Infantil i Primària Jaume I,CEIP Jaume I,,Q108140170,,,,,https://mestreacasa.gva.es/web/ceipjaume,,,,,Colegio de Educación Infantil y Primaria Jaime I,,,,,,,,,,,,,,,,,,,,,,,,,,,,,,,,,,,,,,,,,,,,,,,,,,,,,relation,14891698.0,10,administrative,,Aiora,Aiora,,boundary,Q3815985,ca:Aiora (barri de València),,,,
POINT (-0.3466169813965509 39.46801066177899),València,21,46022,Carrer de Pepe Alba,school,Col·legi d'Educació Infantil i Primària Miguel Adlert i Noguerol,Col·legi d'Educació Infantil i Primària Miguel Adlert i Noguerol,,,,,,http://www.valencia.es/ayuntamiento/infociudad_accesible.nsf/vDocumentosWebListado/AA3271DD61004D51C12572C20023DB4A?OpenDocument&bdOrigen=&idapoyo=&nivel=6&lang=1,,,,,,+34 962 56 62 90,Colegio de Educación Infantil y Primária Miguel Adlert i Noguerol,,,,,,,,,,,,,,Q3315734,,,,,,,,,,,,,,,,,,,,,,,,,,,,,,,,,,,,,,,relation,14891698.0,10,administrative,,Aiora,Aiora,,boundary,Q3815985,ca:Aiora (barri de València),,,,
POINT (-0.3382445829353067 39.46535874259662),València,2,46022,Carrer de José María Cervera Lloret,school,Escola d'Educació Infantil Les Rondalles,Escola d'Educació Infantil Les Rondalles,,,,,,,,,,,,,Escuela de Educación Infantil Les Rondalles,,,,,,46024102,,,,,,,,,,,,,,,,,,,,,,,,,,,,,,,,,,,,,,,,,,,,,,,relation,14891698.0,10,administrative,,Aiora,Aiora,,boundary,Q3815985,ca:Aiora (barri de València),,,,
POINT (-0.3486035 39.4819674),,,,,school,Escuela Infantil,,,,,,,,,,,,,,,,,,,,,,,,,,,,,,,,,,,,,,,,,,,,,,,,,,,,,,,,,,,,,,,,,,,relation,14891835.0,10,administrative,,la Carrasca,la Carrasca,,boundary,Q5493085,ca:La Carrasca,,,,
POINT (-0.3463796316397451 39.48378449825557),València,29,46022,Camí de Vera,school,Escola Superior d'Art Dramàtic,Escola Superior d'Art Dramàtic,,public,Q108140342,Generalitat Valenciana,,,,https://esadvalencia.com/,,,,,Escuela Superior de Arte Dramático,,,,,,,,,,,,,,,Q2477285,ca:Escola Superior d'Art Dramàtic de València,college,4,,,,,,,,,,,,,,,,,,,,,,,,,,,,,,,,,multipolygon,,relation,14891835.0,10,administrative,,la Carrasca,la Carrasca,,boundary,Q5493085,ca:La Carrasca,,,,
POINT (-0.3459412756338492 39.483856320580344),València,,46022,Camí de Vera,school,Conservatori Superior de Dansa de València Nacho Duato,,,public,,Generalitat Valenciana,,,,https://www.csdanza.es/,,,,,,,,,,,,,,,,,,,,Q2477285,,college,1,yes,,,,,,,,,,,,,,,,,,,,,,,,,,,,,,,,,,relation,14891835.0,10,administrative,,la Carrasca,la Carrasca,,boundary,Q5493085,ca:La Carrasca,,,,
POINT (-0.3405462135517824 39.475450447852005),,,,,school,Institut d'Ensenyament Secundari El Cabanyal,Institut d'Ensenyament Secundari El Cabanyal,IES El Cabanyal,,Q107098485,,,,,,,,,,Instituto de Enseñanza Secundaria El Cabañal,,,,,,,,,,,,,,Q5015234,,,,,,,,,,,,,,,,,,,,,,,,,,,,,,,,,,,,,,,relation,14891835.0,10,administrative,,la Carrasca,la Carrasca,,boundary,Q5493085,ca:La Carrasca,,,,
POINT (-0.3385284915257091 39.47360249790872),València,63,46022,Carrer de José María Haro,school,Institut d'Ensenyament Secundari Serpis,Institut d'Ensenyament Secundari Serpis,IES Serpis,,Q107098486,,,,,https://www.institutoserpis.org/,,,,,Instituto de Enseñanza Secundaria Serpis,,,,,,,,yes,,,,,,,,,,,,,,,,,,,,,,,,,,,,,,,,,,,,,,,,,,,,,relation,14891835.0,10,administrative,,la Carrasca,la Carrasca,,boundary,Q5493085,ca:La Carrasca,,,,
POINT (-0.3518332854373079 39.478676030774416),València,,46021,Carrer del Clariano,school,Col·legi d'Educació Infantil i Primària Federico García Lorca,,CEIP Federico García Lorca,public,Q108136173,Generalitat Valenciana,,,,,,,,,,,,,,,46018333,,,,,none,,0;1,,Q2477285,,,,yes,,,,,,,,,,,12,2,,,,,,,,,,,,,,,,,,,,,,relation,14891835.0,10,administrative,,la Carrasca,la Carrasca,,boundary,Q5493085,ca:La Carrasca,,,,
POINT (-0.3461536060011935 39.47596283919142),,12,,Carrer de Ramon Llull,school,Institut d'Educació Secundària Ramon Llull,Institut d'Educació Secundària Ramon Llull,IES Ramon Llull,,Q107098484,,,,,https://mestreacasa.gva.es/web/iesramonllull,IES Ramon Llull,,,,,,,,,,,,,,,,,,Q193660,,,,,,IES Ramon Llull,,,,,,,,,,,,,,,,,,,,,,,,,,,,,,,,,relation,14891835.0,10,administrative,,la Carrasca,la Carrasca,,boundary,Q5493085,ca:La Carrasca,,,,
POINT (-0.3489913549410276 39.47767710732992),València,1,46021,Plaça del Poeta Vicente Gaos,school,Col·legi d'Educació Infantil i Primària Vicente Gaos,Col·legi d'Educació Infantil i Primària Vicente Gaos,CEIP Vicente Gaos,public,Q108136052,Generalitat Valenciana,,,,https://portal.edu.gva.es/46017213/,,,,,,,,,,,46017213,,,,,none,,0;1,Q4893005,Q2477285,,,,,,,,,,,,,,,,,,,,,,,,,,,,,,,,,,,,,,relation,14891836.0,10,administrative,,la Vega Baixa,,,boundary,Q9018347,ca:La Bega Baixa,,Barri de Sant Josep,,
POINT (-0.3488692766009871 39.47754993562895),,,,,school,,,,,,,,,,,,,,,,,,,,,,,,,,,,,,,,yes,,,,,,,,,,,,,,,,,,,,,,,,,,,,,,,,,,,,relation,14891836.0,10,administrative,,la Vega Baixa,,,boundary,Q9018347,ca:La Bega Baixa,,Barri de Sant Josep,,
POINT (-0.3497328375497116 39.47540549317079),,,,,school,Escola Infantil Municipal Pardalets,,,public,,Ajuntament de València,,,,,,,,,,,,,,,,,,,,,,,,,,,,,,,,,,,,,,,,,,,,,,,,,,,,,,,,,,,,,,relation,14891836.0,10,administrative,,la Vega Baixa,,,boundary,Q9018347,ca:La Bega Baixa,,Barri de Sant Josep,,
POINT (-0.349877100261288 39.472017789533304),,,,,school,Col·legi d'Educació Infantil i Primària l'Amistat,Col·legi d'Educació Infantil i Primària l'Amistat,CEIP l'Amistat,,Q108136214,,,,,,,,,,Colegio de Educacion Infantil y Primaria La Amistad,,,,,,,,,,,,,,,,,,,,,,,,,,,,,,,,,,,,,,,,,,,,,,,,,,,,,relation,14891837.0,10,administrative,,l'Amistat,l'Amistat,,boundary,Q11687498,ca:L'Amistat (barri de València),,,,
POINT (-0.3444766204865645 39.46985986520114),València,88,46022,Carrer de Campoamor,school,Col·legi Explorador Andrés,,,,Q108136089,,,http://www.valencia.es/ayuntamiento/infociudad_accesible.nsf/vDocumentosWebListado/A2523B17EFE17374C12572C20023DB5A?OpenDocument&bdOrigen=&idapoyo=&nivel=6&lang=1,,,,,,,,,,,,,46017602,,,,,,,,,,,,,,,,,,,,,,,,,,School,,,,,,,,,,,,,,,,,,,,,relation,14891838.0,10,administrative,,Ciutat Jardí,Ciutat Jardí,,boundary,Q8346554,ca:Ciutat Jardí (barri de València),,,,
POINT (-0.3358793617391667 39.46788468096959),,71,,Carrer de la Serradora,school,Col·legi d'Educació Infantil i Primària Serreria,,CEIP Serreria,,Q108136440,,,,,,,,,,,,,,,,,,,,,,,,,,,,,,,,,,,,,,,,,,,,,,,,,,,,,,,,,,,,,,,relation,14891839.0,10,administrative,,l'Illa Perduda,l'Illa Perduda,,boundary,Q1770940,ca:L'Illa Perduda,,,,
POINT (-0.3380468907007486 39.46725038029582),València,2,46022,Calle José María Haro,school,Institut d'Educació Secundària Sorolla,Institut d'Educació Secundària Sorolla,IES Sorolla,,Q107133186,,,,,https://mestreacasa.gva.es/web/iessorolla,,,,,Instituto de Educación Secundaria Sorolla,,,,,,,,,,,,,,,,,,,,,,,,,,,,,,,,,,,,,,,,,,,,,,,,,,,,,relation,14891839.0,10,administrative,,l'Illa Perduda,l'Illa Perduda,,boundary,Q1770940,ca:L'Illa Perduda,,,,
POINT (-0.3407137787344724 39.469725967641665),València,89,46022,Carrer de Campoamor,school,Col·legi d'Educació Infantil i Primària Profesor Santiago Grisolía,Col·legi d'Educació Infantil i Primària Profesor Santiago Grisolía,,,,Ayuntamiento de Valencia,,http://www.valencia.es/ayuntamiento/infociudad_accesible.nsf/vDocumentosWebListadov/AC214809DF0FA066C12572C20023DB48?OpenDocument&lang=2,,,,,,+34 96 372 95 77,Colegio de Educación Infantil y Primária Profesor Santiago Grisolía,,,,,,,,,,,,,,Q5657052,,,,,,,,,,,,,,,,,,,,,,,,,,,,,,,,,,,,,,,relation,14891839.0,10,administrative,,l'Illa Perduda,l'Illa Perduda,,boundary,Q1770940,ca:L'Illa Perduda,,,,
POINT (-0.3809968081540904 39.529816484692454),,,,,school,Col·legi d'Educació Infantil i Primària Manuel González Martí,Col·legi d'Educació Infantil i Primària Manuel González Martí,CEIP Manuel González Martí,,Q108135668,,,,,,,,,,,,,,,,46009009,,,,,,,,,,,,,,,,,,,,,,,,,,,,,,,,,,,,,,,,,,,,,,,relation,14893092.0,10,administrative,,Benifaraig,Benifaraig,,boundary,Q8246327,ca:Benifaraig,,,,
POINT (-0.3919601655332452 39.43597100366601),,3,,Carrer del Castell de Cullera,school,Col·legi d'Educació Infantil i Primària Padre Manjón,,,,Q106468876,,,,,,,,,,,,,,,,,,,,,,,,,,,,,,,,,,,,,,,,,,,,,,,,,,,,,,,,,,,,,,,relation,14902111.0,10,administrative,,la Torre,la Torre,,boundary,Q9019012,ca:La Torre (València),,,,
POINT (-0.3350780395470251 39.422360717474824),,,,,school,Col·legi d'Educació Infantil i Primària Pinedo,Col·legi d'Educació Infantil i Primària Pinedo,CEIP Pinedo,,Q108135883,,,,,,,,,,,,,,,,,,,,,,,,,,,,,,,,,,,,,,,,,,,,,,,,,,,,,,,,,,,,,,,relation,14902115.0,10,administrative,,Pinedo,Pinedo,,boundary,Q9059900,ca:Pinedo,,,,
POINT (-0.3670299481755408 39.42940957926014),,,,,school,Col·legi d'Educació Infantil i Primària Castellar-Oliveral,Col·legi d'Educació Infantil i Primària Castellar-Oliveral,CEIP Castellar-Oliveral,,Q108136438,,,,,,,,,,,,,,,,46022993,,,,,,,,,,,,,,,,,,,,,,,,,,,,,,,,,,,,,,,,,,,,,,,relation,14902116.0,10,administrative,,el Castellar - l'Oliveral,,,boundary,Q2839376,ca:El Castellar-l'Oliveral,,,,
POINT (-0.3736053164591251 39.43204790887155),,,,,school,Col·legi d'Educació Infantil i Primària Forn d'Alcedo,Col·legi d'Educació Infantil i Primària Forn d'Alcedo,CEIP Forn d'Alcedo,public,Q108135766,Generalitat Valenciana,,,,,,,,,Colegio de Educación Infantil y Primaria Forn d'Alcedo,,,,,,,,,,,,,,,Q2477285,,,,,,,,,,,,,,,,,,,,,,,,,,,,,,,,,,,,,,relation,14902117.0,10,administrative,,el Forn d'Alcedo,el Forn d'Alcedo,,boundary,Q11682604,ca:El Forn d'Alcedo,,,,
